id,ror,name
138006243,03m2x1q45,University of Arizona
78577930,00hj8s172,Columbia University
3018134672,00cfam450,Helmholtz Zentrum München
4210130600,03763ep67,Childrens Hospital of Pittsburgh
170201317,01an3r305,University of Pittsburgh
242743682,03a2tac74,Florey Institute of Neuroscience and Mental Health
165779595,01ej9dk98,University of Melbourne
97018004,00f54p054,Stanford University
4210161239,05bx21r34,Frankfurt Cancer Institute
114090438,04cvxnb49,Goethe University Frankfurt
17937529,04cdgtt98,German Cancer Research Center
223822909,038t36y30,Heidelberg University
8204097,05591te55,Ludwig-Maximilians-Universität München
32971472,03v76x132,Yale University
1334819555,02yrq0923,Memorial Sloan Kettering Cancer Center
4210162051,04za5zm41,University Hospital Carl Gustav Carus
78650965,042aqky30,TU Dresden
102322052,04wncat98,The Wistar Institute
4210098679,010xeam31,Ono Pharmaceutical (United States)
189075073,055eqsb67,National University of Mar del Plata
151201029,03cqe8w59,Consejo Nacional de Investigaciones Científicas y Técnicas
4210159998,05r2q5n94,Flagship Pioneering (United States)
165951966,02f6dcw23,The University of Texas Health Science Center at San Antonio
4210140884,040gcmg81,National Cancer Institute
4210092091,00fb35g87,Third Affiliated Hospital of Guangzhou Medical University
92039509,00zat6v61,Guangzhou Medical University
75929689,02kzs4y22,University of Connecticut Health Center
60134161,04chrp450,Nagoya University
57206974,0190ak572,New York University
28407311,027m9bs27,University of Manchester
887064364,04dkp9463,University of Amsterdam
2802928900,03t4gr691,Academic Medical Center
13955877,03kgsv495,Bar-Ilan University
74973139,05x2bcf33,Carnegie Mellon University
135310074,01y2jtd41,University of Wisconsin–Madison
204250578,04gyf1771,"University of California, Irvine"
63634437,01cby8j38,Autonomous University of Madrid
134820265,02gfc7t72,Consejo Superior de Investigaciones Científicas
4210130807,03cmntr54,Instituto de Astrofísica de Canarias
158438070,01r9z8p25,Universidad de La Laguna
74920221,01ht74751,University of La Serena
4210095519,00sgdxg36,Millennium Institute of Astrophysics
129739261,04eyc6d95,University of Antofagasta
2799713863,03mrbr458,Leibniz Institute for Astrophysics Potsdam
201448701,00cvxb145,University of Washington
8961855,01tmp8f25,Universidad Nacional Autónoma de México
142263535,01ee9ar58,University of Nottingham
4210165232,05k705z76,Institut de Recherche sur les Lois Fondamentales de lUnivers
2738703131,00jjx8s55,Atomic Energy and Alternative Energies Commission
4210128565,03n15ch10,CEA Saclay
169173203,00bw5n526,Délégation Paris 7
204730241,05f82e368,Université Paris Cité
4210091437,001z21q04,Sorbonne Paris Cité
1294671590,02feahw73,French National Centre for Scientific Research
148283060,02jbv0t02,Lawrence Berkeley National Laboratory
128956969,054b0b564,Texas Christian University
145311948,00za53h95,Johns Hopkins University
16835326,02wn5qz54,University of St Andrews
39343248,01hcx6992,Humboldt-Universität zu Berlin
223532165,03r0ha626,University of Utah
4210124388,03h4zjr91,Carnegie Observatories
196817621,04jr01610,Carnegie Institution for Science
107639228,00mkhxb43,University of Notre Dame
241749,013meh722,University of Cambridge
200719446,02vm5rt34,Vanderbilt University
79576946,00b30xv10,University of Pennsylvania
63072094,03ykbk197,University of Portsmouth
1288416581,0583fqn04,Crow Canyon Archaeological Center
4210136460,03t6cz096,Astronomical Institute
4210150146,050a13t43,Moscow State University
19880235,010pmpe69,Lomonosov Moscow State University
4210097422,00ssy9q55,Laboratoire d’Astrophysique de Marseille
2801948628,0135fch82,Kitt Peak National Observatory
79274474,00h9jrb69,University of Valparaíso
4210109156,01vhnrs90,Max Planck Institute for Astronomy
4210110940,0265wc016,Canadian Institute for Theoretical Astrophysics
185261750,03dbr7087,University of Toronto
130769515,04p491231,Pennsylvania State University
166644833,02chw6z69,Kavli Institute for the Physics and Mathematics of the Universe
74801974,057zh3y96,The University of Tokyo
185103710,03s65by71,"University of California, Santa Cruz"
36258959,0168r3w48,"University of California, San Diego"
40120149,052gg0110,University of Oxford
1306266525,0171mag52,Goddard Space Flight Center
1297127228,036f5mx38,Space Telescope Science Institute
4210150701,05b9w0m88,Laboratório Interinstitucional de e-Astronomia
4210089367,005cybj21,Valongo Observatory
4210125312,03d47z838,National Observatory
10052268,00hpz7z43,New Mexico State University
28777354,00aft1q37,Sejong University
125608817,041hz9568,Korea Institute for Advanced Study
33501960,01b78mz79,Universidade Federal de Santa Maria
4210091772,00e4bwe12,Max Planck Institute for Extraterrestrial Physics
172787465,0460jpj73,University of Concepción
21491767,035xkbk20,Aix-Marseille University
52669646,05wn7r715,Western Washington University
51556381,0153tk833,University of Virginia
4210104270,01ftbgh03,McCormick (United States)
4210114008,01fcjzv38,Laboratory for Atmospheric and Space Physics
168416876,01k44g025,Northern Kentucky University
5124864,02s376052,École Polytechnique Fédérale de Lausanne
4210145100,042ga5208,Las Campanas Observatory
37415318,003yn7c76,Bates College
86519309,00hj54h04,The University of Texas at Austin
4210124175,03c3r2d17,Center for Astrophysics Harvard & Smithsonian
2801032159,03j307b25,Lyon Observatory
4210088987,0084x3h80,Centre for Astronomical Reseach of Lyon
100532134,029brtt94,Claude Bernard University Lyon 1
113428412,04zmssz18,École Normale Supérieure de Lyon
1321434546,01qtasp15,European Southern Observatory
63098007,04zfme737,Liverpool John Moores University
4210100831,0141j1w94,Gemini North Observatory
52357470,00rs6vg23,The Ohio State University
106118109,01jsq2704,Eötvös Loránd University
177877127,047272k79,University of Western Australia
27837315,00jmfr291,University of Michigan–Ann Arbor
165932596,01tgyzw49,National University of Singapore
188538660,02ttsq026,University of Colorado Boulder
4210133362,03fd77x13,Institut National de Physique Nucléaire et de Physique des Particules
4210159647,04z3y3f62,Osservatorio Astronomico di Padova
20089843,00hx57361,Princeton University
4210120578,02eptjh02,Laboratoire d’études spatiales et d’instrumentation en astrophysique
4210146380,048s2rn92,United States Naval Observatory
2801525552,01g1t6g78,Whitney Museum of American Art
2802964274,04nvtmr42,Interface (United States)
122140584,03490as77,Universidade Federal do Rio de Janeiro
4210103661,017qcv467,Max Planck Institute for Astrophysics
4210151488,04ps4d441,Clovis Oncology (United States)
2802654988,03zayce58,Princess Margaret Cancer Centre
1325899441,042xt5161,University Health Network
1320473756,005bvs909,Royal Melbourne Hospital
161318765,046rm7j60,"University of California, Los Angeles"
1343551460,04twxam07,The University of Texas MD Anderson Cancer Center
1289530486,03sfybe47,BC Cancer Agency
2799885155,028t46f04,The Ohio State University Comprehensive Cancer Center – Arthur G. James Cancer Hospital and Richard J. Solove Research Institute
45129253,02jx3x895,University College London
4210088881,005kpb876,London Cancer
4210140702,03ynhs115,Rocky Mountain Cancer Centers
2801316944,054225q67,Cancer Research UK
4210127641,03ba28x55,Vall dHebron Hospital Universitari
4210105738,01cmnjq37,Centre Léon Bérard
4210125099,03jp40720,Mayo Clinic in Arizona
4210134409,02yw1f353,Institut Bergonié
2801843802,0321g0743,Institut Gustave Roussy
154526488,02vjkv261,Inserm
7882870,00vtgdb53,University of Glasgow
55732556,03efmqc40,Arizona State University
4210142590,04e6xj170,Centre For Digestive Diseases
4210087915,002pd6e78,Massachusetts General Hospital
130238516,017zqws13,University of Minnesota
1312106833,00s1jty20,Biotechnology Institute
203172682,0272j5188,Northern Arizona University
33213144,02y3ad647,University of Florida
4210158932,04nyjea81,Capital Health
32389192,008s83205,University of Alabama at Birmingham
1330342723,02qp3tb03,Mayo Clinic
1283280774,04b6nzv94,Brigham and Womens Hospital
136199984,03vek6s52,Harvard University
4210124153,03ae6qy41,Phoenix Childrens Hospital
114027177,0130frc33,University of North Carolina at Chapel Hill
117965899,01wspgy28,University of Hawaiʻi at Mānoa
4210106879,01jr3y717,Ohio University
111979921,000e0be47,Northwestern University
1314696892,020hgte69,Fermi National Accelerator Laboratory
6902469,05abbep66,Brandeis University
70983195,025r5qe02,Syracuse University
4210119109,02k40bc56,Indiana University Bloomington
40347166,024mw5h28,University of Chicago
181233156,0293rh119,University of Oregon
1343871089,01e41cf67,Los Alamos National Laboratory
4210094059,00pwqz914,Kavli Institute for Particle Astrophysics and Cosmology
95457486,01an7q238,"University of California, Berkeley"
28290843,00ks66431,University of Surrey
4210100855,011494s34,Large Synoptic Survey Telescope Corporation
2801613365,03ds72003,Mitchell Institute
91045830,01f5ytq51,Texas A&M University
2801766991,022bnxw24,Institut dAstrophysique de Paris
39804081,02en5vm52,Sorbonne Université
69737025,047gc3g35,University of Chile
4210140583,03w6nzd18,Cerro Tololo Inter-American Observatory
2801935854,05gzmn429,SLAC National Accelerator Laboratory
4210135837,03r10zj06,National Center for Supercomputing Applications
157725225,047426m28,University of Illinois Urbana-Champaign
132487946,01vbgty78,Institute of Space Sciences
65181880,01j4v3x97,Indian Institute of Technology Hyderabad
4210144898,05874db82,Excellence Cluster Universe
122411786,05dxps055,California Institute of Technology
1334627681,027k65916,Jet Propulsion Laboratory
187453708,01sdrjx85,Institute for High Energy Physics
20231570,02v51f717,Peking University
154570441,02t274463,"University of California, Santa Barbara"
4210105842,01kv3wg35,Kavli Institute for Theoretical Sciences
4210096876,00t9y0z13,International Research Institute for Radio Astronomy
115475287,01g9vbr38,Oklahoma State University
99043593,01sf06y89,Macquarie University
4210154168,051yxp643,Max Planck Institute for Biogeochemistry
154425047,0160cpw27,University of Alberta
63525965,03t52dk35,Western Sydney University
169521973,05fs6jp91,University of New Mexico
114395901,043mer456,University of Nebraska–Lincoln
1286329397,035a68863,United States Geological Survey
91136226,05krs5044,University of Sheffield
129801699,01nfmeh72,University of Tasmania
35440088,05a28rw58,ETH Zurich
84218800,05rrcem69,"University of California, Davis"
141103825,00avfj807,Nanchang Institute of Technology
12834331,01485tq96,University of Wyoming
298625061,02yy8x990,Swedish University of Agricultural Sciences
76903346,04z8k9a98,University of Coimbra
2800262456,04bs5yc70,"Swiss Federal Institute for Forest, Snow and Landscape Research"
4210117389,02cnnsp10,Forest Science and Research Institute
17974374,036rp1748,Universidade de São Paulo
192389796,02qt0xs84,Humboldt State University
164389053,03qnxaf80,Fordham University
4210089824,008rywf59,Centre dÉcologie Fonctionnelle et Évolutive
2801582665,01n6e6j62,United States Agency for International Development
4210129656,03abrgd14,Centre for Research on Ecology and Forestry Applications
4210161554,057xz1h85,CSIRO Land and Water
4210103887,01hq59z49,Estacion Experimental de Zonas Aridas
4210133677,03tmyej96,Patagonian Ecosystems Investigation Research Center
106969075,0162z8b04,Idaho State University
20272500,03tc05689,University of Basilicata
92446798,03k1gpj17,Colorado State University
6750721,0078xmk34,University of Montana
86501945,01sbq1a82,University of Delaware
170897317,00py81415,Duke University
36020712,01v10fv91,Sonora Institute of Technology
142606810,05h992307,Pacific Northwest National Laboratory
23946033,05vf56z40,University of Tehran
70931966,0161xgx34,Université de Montréal
2799614521,00ynnr806,"Royal Botanic Gardens, Kew"
21606457,04ygk5j35,Universidade Estadual de Feira de Santana
181391015,04wffgt70,Universidade Estadual de Campinas (UNICAMP)
869660684,00h2vm590,University of the Western Cape
177909021,00qdc6m37,Universidade Federal de São Carlos
126158947,03k3p7647,Universidade Federal da Bahia
16733864,05bqach95,National Taiwan University
1316675753,015n1m812,Universidade do Estado da Bahia
118347636,019wvm592,Australian National University
121748325,02p0gd045,Universidad Complutense de Madrid
98677209,01nrxwf90,University of Edinburgh
205783295,05bnh6r87,Cornell University
132053463,01r9htc13,Université Libre de Bruxelles
1341618623,00cz47042,National Museum of Natural History
103187081,01pp8nd67,Smithsonian Institution
4210128604,033xtdz52,Instituto de Pesquisas Jardim Botânico do Rio de Janeiro
879563668,00987cb86,Universidade Estadual Paulista (Unesp)
56165029,00r54sf44,Universidad de Morón
2802951768,03raeyn57,Universidade Federal do Oeste da Bahia
167261309,0349vqz63,Royal Botanic Garden Edinburgh
71052956,05v62cm79,University of Reading
2802068632,04w16j270,Brooklyn Botanic Garden
202697423,02crff812,University of Zurich
130442723,041yk2d64,Universidade Federal do Rio Grande do Sul
135598925,00p4k0j84,Kyushu University
165390105,048cwvf49,University of South Africa
1516879,03mwgfy56,Tarbiat Modares University
23732399,02w0trx84,Montana State University
4210087898,005r3tp02,South African National Biodiversity Institute
24027795,04z6c2n17,University of Johannesburg
2699952,01dg47b60,Pontifical Catholic University of Rio de Janeiro
2800285241,01s3fs709,Institut Agro Rennes-Angers
49451733,04yrqp957,Université dAngers
4210100051,00znqyv98,Museo Cantonale di Storia Naturale di Lugano
1311060795,021nxhr62,National Science Foundation
2802431724,04tzy5g14,Missouri Botanical Garden
4210130668,03nw3dq29,Royal Botanic Garden Sydney
4210116996,02s040f34,Instituto de Investigaciones en Ciencias Agrarias de Rosario
4141589,02tphfq59,National University of Rosario
35046152,04wn09761,Universidade Federal do Rio Grande do Norte
68106152,0039d5757,Universidade Federal de Goiás
199691007,0482b5b22,Brazilian Agricultural Research Corporation
177639307,03h2bxq36,University of Dundee
157614274,03p74gp79,University of Cape Town
2802176782,03tv88982,New York Botanical Garden
1295562517,0566bfb96,Naturalis Biodiversity Center
13850615,02e5hx313,Kunming Institute of Botany
19820366,034t30j35,Chinese Academy of Sciences
146165071,0409dgb37,Universidade Federal de Viçosa
1308171952,01bh91531,National Institute for Biotechnology and Genetic Engineering
4210137448,04nrv3s86,"Instituto de Hortofruticultura Subtropical y Mediterránea ""La Mayora"""
82767444,036b2ww28,Universidad de Málaga
68368234,009eqmr18,Center for Research and Advanced Studies of the National Polytechnic Institute
24906876,03rnk6m14,Institut Agro Montpellier
131077856,05kpkpg04,Centre de Coopération Internationale en Recherche Agronomique pour le Développement
4210087514,0026vdt21,Biology and Genetics of Plant-Pathogen Interactions
200475212,0516ah480,"The Graduate University for Advanced Studies, SOKENDAI"
4210159940,052rrw050,National Astronomical Observatory of Japan
24262253,03xgxw153,Subaru (Japan)
4210130523,03a502s36,Orbital ATK (United States)
1311099166,01hfpy566,"Institute of Astronomy and Astrophysics, Academia Sinica"
201537933,01dq60k83,Tohoku University
114457229,01swzsf04,University of Geneva
44636411,03b0ym704,Tokyo Keizai University
25846049,00zdnkx70,National Tsing Hua University
134161618,059dkdx38,National Taiwan Normal University
4210138771,040r57n67,Nicolaus Copernicus Astronomical Center
4210117911,02ea4nx72,East Asian Observatory
133712593,01h2m4f20,Osaka Sangyo University
71999127,021018s57,Universitat de Barcelona
11932220,0371hy230,Institució Catalana de Recerca i Estudis Avançats
199525922,055n47h92,National Institutes of Natural Sciences
148798404,021a26605,Tokyo University of Technology
59553526,05qghxh33,Stony Brook University
43545212,017hkng22,Ehime University
113306721,03t78wx29,Hiroshima University
65837984,03tgsfw79,Kobe University
2799714274,003n8re58,Shanghai Astronomical Observatory
4210128938,030vbmf58,RIKEN Advanced Science Institute
200870766,02ex6cf31,Brookhaven National Laboratory
4210158631,05db1vq90,RIKEN BNL Research Center
66890659,010zh7098,Saint Marys University
100005738,047rhhm47,Brigham Young University
187079419,01xe86309,National Institute of Amazonian Research
102335020,04t3en479,Karlsruhe Institute of Technology
62885914,02263ky35,Universidade Federal do Amazonas
4210146410,04j8yhy50,Science Oxford
4210126298,03njmea73,Duke Medical Center
51601045,002h8g185,University of Bath
176279760,01j0n2h15,University of Phoenix
128902783,046yatd98,Midwestern University
4210151202,05g223j58,Plant (United States)
1312222531,02d2m2044,Agricultural Research Service
2799853436,037zgn354,Johns Hopkins Medicine
165733156,00te3t702,University of Georgia
2799300731,0062dz060,Norwich Research Park
100288624,055zmrh94,John Innes Centre
4210138126,04397qy32,"Genetics, Diversity and Ecophysiology of Cereals"
1331897569,051dzs374,Agriculture and Agri-Food Canada
52158045,04v3ywz14,China Agricultural University
108279646,0585vsm16,Earthwatch Institute
1317774081,02wfhk785,International Institute for Applied Systems Analysis
111796040,05fjyn938,Global Biodiversity Information Facility
4210147186,03ja1ng46,Nordisk Fond for Miljø og Udvikling
123044942,052g8jq94,Universitat Autònoma de Barcelona
1304808963,044zqqy65,National Park Service
1328215151,02zv4ka60,Australian Museum
1332353952,00067tc54,NSW Department of Planning and Environment
4210126600,03fjqhb83,Boston Center for Memory
111088046,05qwgg493,Boston University
205401836,026v1ze26,National Institute for Materials Science
122346577,02d4c4y02,University of Modena and Reggio Emilia
4210095248,00shv0x82,German Rheumatism Research Centre
315704651,01n6r0e97,Leibniz Association
62916508,02kkvpp62,Technical University of Munich
45084792,04jr1s763,University of Florence
7877124,001w7jn25,Charité - Universitätsmedizin Berlin
861853513,02be6w209,Sapienza University of Rome
4210153523,051v7w268,Istituto Pasteur
4210150112,05rcxtd95,Fondazione Santa Lucia
76134821,05n3x4p02,Medical University of Vienna
2802821144,03k84rm07,Center for Environmental Health
100930933,05m7pjf47,University College Dublin
129975664,05cf8a891,Albert Einstein College of Medicine
194456095,033m8b439,California Institute for Regenerative Medicine
141945490,03rmrcq20,University of British Columbia
137469784,00qhe6a56,Miltenyi Biotec (Germany)
4210115305,028s4q594,German Center for Infection Research
4210137766,03xg85719,Institute for Advanced Study
28792581,00trqv719,University of Rochester Medical Center
76130692,00a2xv884,Zhejiang University
177933477,04tavpn47,Second Military Medical University
200296433,02drdmm93,Chinese Academy of Medical Sciences & Peking Union Medical College
4210116940,02e3ssq97,Don Carlo Gnocchi Foundation
189158943,00wjc7c48,University of Milan
4210128767,03bk36k19,Infectious Disease Models and Innovative Therapies
102197404,028rypz17,University of Paris-Sud
4210145102,042tfbd02,Institut Polytechnique de Paris
157536573,0495fxg12,Institut Pasteur
2801081054,04tnbqb63,The Francis Crick Institute
2801463291,0424g0k78,Istituto Giannina Gaslini
1339471597,020dggs04,Humanitas University
154387261,01gmqr298,Vita-Salute San Raffaele University
67581229,03a5qrr21,Istanbul University
4210146692,04fxz7d50,Sony (United Kingdom)
900890020,044k9ta02,University of Palermo
135140700,041nas322,University of Bonn
118564535,02k7v4d05,University of Bern
4210101048,0163xqp73,Leibniz Institute of Environmental Medicine
2800006345,05xvt9f17,Leiden University Medical Center
34809795,00f2yqf98,Medizinische Hochschule Hannover
204465549,01yc7t268,Washington University in St. Louis
84884186,01kj2bm70,Newcastle University
4210086369,000nhq538,Institut Necker Enfants Malades
110736937,02e0y6e06,Délégation Paris 5
1288880153,05tr67282,Hôpital Necker-Enfants Malades
4210097159,00pg5jh14,Assistance Publique – Hôpitaux de Paris
161046081,0245cg223,University of Freiburg
4210088806,003bqs817,Owl Biomedical (United States)
52590639,04xyxjd90,Nottingham Trent University
4210089592,00btzwk36,Josep Carreras Leukaemia Research Institute
4210160365,05rb1q636,Istituto Nazionale Genetica Molecolare
8087733,03a1kwz48,University of Tübingen
66752286,01ynf4891,University of Milano-Bicocca
53964585,0316ej306,Weizmann Institute of Science
4210088053,0030f2a11,Universitätsklinikum Erlangen
181369854,00f7hpc57,Friedrich-Alexander-Universität Erlangen-Nürnberg
1295876152,027zt9171,Houston Methodist
4210109259,01r5p9y80,Methodist Hospital
4210158373,059wbyv33,INCLIVA Health Research Institute
16097986,043nxc105,Universitat de València
3020210244,01fm2fv39,Sanquin
47720641,00p991c53,Huazhong University of Science and Technology
154347574,05r8dqr10,University of Rijeka
4210097985,0125yxn03,University Hospital in Motol
21250087,024d6js02,Charles University
202276237,02n0bts35,Medical University of Graz
120250893,00e5k0821,New York University Abu Dhabi
99065089,03cve4549,Tsinghua University
4210138517,032582s48,Besançon Astronomical Observatory
126307644,036jqmy94,University of Iowa
1302918504,05vvg9554,Planetary Science Institute
1287521167,026er9r08,Lockheed Martin (United States)
66946132,047s2c258,"University of Maryland, College Park"
2802946424,029pp9z10,Johns Hopkins University Applied Physics Laboratory
63966007,042nb2s44,Massachusetts Institute of Technology
1290463931,03tghng59,Southwest Research Institute
87424562,01kw1gj07,Ithaca College
44265643,049v69k10,Rowan University
4210121146,02tbvs543,Indigo Information Services (United States)
192455969,05fq50484,York University
75027704,020f3ap87,University of Tennessee at Knoxville
4210149382,04xx4z452,Johnson Space Center
1280536761,02acart68,Ames Research Center
4210096636,00cm8nm15,"University of California, Irvine Medical Center"
63190737,01y64my43,"University at Buffalo, State University of New York"
1292894508,0499dwk57,Roswell Park Comprehensive Cancer Center
8692664,02aqsxs83,University of Oklahoma
92156820,02p72h367,University of Cincinnati Medical Center
55769427,05gxnyn08,Indiana University – Purdue University Indianapolis
2802841970,00c01js51,The Ohio State University Wexner Medical Center
153297377,012jban78,Medical University of South Carolina
29606459,044pcn091,University of Mississippi Medical Center
2802864460,02y070a55,Jackson Memorial Hospital
58956616,051fd9666,Case Western Reserve University
4210100718,018x1j412,Franciscan Health Indianapolis
4210151469,05xc20j70,The US Oncology Network
4210103178,00r520291,St. Josephs Hospital
4210162453,05c1xy536,Arizona Oncology
114493937,05wf30g94,Creighton University
4210089486,007ps6h72,Fred Hutch Cancer Center
4210106489,012pb6c26,National Heart Lung and Blood Institute
177607063,025j2nd68,The Lundquist Institute
4210165985,05h4zj272,Harbor–UCLA Medical Center
1301076528,00w6g5w60,City Of Hope National Medical Center
4210120018,02fz54z33,Georgetown-Howard Universities Center for Clinical and Translational Science
86755215,05atemp08,MedStar Health
52792670,03s9ada67,HealthPartners
160606119,0011qv509,University of Tennessee Health Science Center
193531525,00y4zzh67,George Washington University
47251452,0207ad724,Wake Forest University
4210129183,03dx11k66,German Center for Lung Research
2799899409,01cqmqj90,Hadassah Medical Center
4210163178,04scfb908,Alfred Health
4210089665,008te2062,St Michael’s Hospital
61970326,00anb1726,Vertex Pharmaceuticals (United States)
2800036501,02218z997,Royal Brompton & Harefield NHS Foundation Trust
151808059,005x9g035,Colorado School of Public Health
51713134,03wmf1y16,University of Colorado Anschutz Medical Campus
1317886745,00cm2cb35,Virginia Mason Medical Center
1316535847,04drvxt59,Beth Israel Deaconess Medical Center
1324766304,01fwrsq33,Barrow Neurological Institute
108785884,04mvr1r74,Intermountain Healthcare
106165777,036nfer12,University of Central Florida
142740786,01ckdn478,University of Louisville
49332381,0457zbj98,University of Oklahoma Health Sciences Center
4210156808,056zz0q95,American Academy of Otolaryngology — Head and Neck Surgery
4210122332,03122yk49,Optical Sciences (United States)
5023651,01pxwe438,McGill University
1295409710,03fz1tt45,History of Science Society
156087764,00d9ah105,"University of California, Merced"
4210160498,05k2n4n22,RELX Group (United States)
24603500,0072zz521,University of Massachusetts Amherst
72816309,04bdffz58,Drexel University
4210125355,026efkc57,Scottish Universities Physics Alliance
4210105583,016kj2436,Royal Observatory
9360294,01111rn36,University of Bologna
4210086498,002hc6y19,Osservatorio astronomico di Bologna
4210159146,04ka0vh05,Instituto de Astrofísica de Andalucía
4210159521,05e6pjy56,Laureate Institute for Brain Research
87208437,04wn28048,University of Tulsa
4210163774,0541a3n79,International Crops Research Institute for the Semi-Arid Tropics
100135526,045pn2j94,BGI Group (China)
4210117822,02banhz78,"Diversité, adaptation, développement des plantes"
4210127902,02skbsp27,Leibniz Institute of Plant Genetics and Crop Plant Research
77250616,05mpwj415,Fort Valley State University
4210119692,02ns8zp42,Numerical Method (China)
4210166444,05q3vnk25,Institut de Recherche pour le Développement
104917982,04mgf6n79,Junagadh Agricultural University
1336096307,01na82s61,United States Department of Agriculture
129774422,03prydq77,University of Vienna
4210160965,04z4j3y75,Institut Sénégalais de Recherches Agricoles
138570494,04298em06,Central Arid Zone Research Institute
179420787,04fw54a43,Indian Council of Agricultural Research
4210125447,02xq0x374,Research Institute of Horticulture and Seeds
4210114092,02gg8z294,Écologie des Forêts Méditerranéennes
4210135640,03skt0t88,Biometry and Evolutionary Biology Laboratory
3018756631,02qprbz18,Institut des Mondes Africains
4210091292,01ar90c17,Istituto di Biologia e Biotecnologia Agraria
4210146599,051wgfj58,"Institute of Biological, Environmental and Rural Sciences"
16038530,015m2p889,Aberystwyth University
130291710,02y28sc20,Visva-Bharati University
29300151,02xp9d883,Bank of Mexico
63135867,01e3m7079,University of Cincinnati
4210113896,026sv7t11,Qingdao National Laboratory for Marine Science and Technology
59028903,04rdtx186,Ocean University of China
4210115089,029pamw34,Centre for Southern Hemisphere Oceans Research
1281210470,026nh4520,CSIRO Oceans and Atmosphere
31746571,03r8z3t63,UNSW Sydney
171892758,02nv7yv05,Forschungszentrum Jülich
913481162,04qw24q55,Wageningen University & Research
129604602,0384j8v12,University of Sydney
1282105669,05gvnxz63,Argonne National Laboratory
4210143403,04aah1z61,Norwegian Institute of Bioeconomy Research
4210125976,03b08sh51,Beltsville Agricultural Research Center
4210153160,057k9q466,Centre for Agricultural Research
7597260,02ks8qq67,Hungarian Academy of Sciences
4210134913,036eftk49,Institute for Soil Sciences
140275651,03y5egs41,University of Pannonia
137479271,000h6jb29,Helmholtz Centre for Environmental Research
162868743,012tb2g32,Tianjin University
188700360,020p3h829,University of Occupational and Environmental Health Japan
4210121543,025zd8760,Universidade do Vale do Sapucaí
2800935791,01kbfgm16,UC San Diego Health System
14285509,04fkqna53,University of Maryland Medical System
126744593,04rq5mt64,"University of Maryland, Baltimore"
4210155735,049s06a25,Southeast Radiation Oncology Group
4210100342,0174nh398,Levine Cancer Institute
149213910,008x57b05,University of Antwerp
4210134769,04ehecz88,University of Pittsburgh Medical Center
87216513,05hs6h993,Michigan State University
4210147368,03fvyqb23,Baptist Health Louisville
123431417,02dxx6824,Scripps Research Institute
4210127938,03660jn93,Mayo Clinic Hospital
1174212,03taz7m60,University of Southern California
4210147238,04f8k9513,National Heart Centre Singapore
3019479954,059ebsr57,Hospital Universitario de San Vicente Fundación
2802289008,05ayf4d73,Southlake Regional Health Center
1316902750,03xjacd83,Cleveland Clinic
4210102181,01akman82,Mallinckrodt (United States)
44461941,048sx0r50,University of Houston
172675005,02e7b5302,Nanyang Technological University
67031392,02qtvee93,Carleton University
72951846,05dk0ce17,Washington State University
1280640908,0563w1497,The Nature Conservancy
74656192,01y9bpm73,University of Göttingen
155093810,03hbp5t65,University of Idaho
141596103,01c27hj86,University of Lisbon
102322142,05vt9qd57,"Rutgers, The State University of New Jersey"
187531555,012a77v79,Lund University
4210153706,04aha0598,Norwegian Institute for Nature Research
32021983,04v76ef78,Kiel University
18014758,0213rcc28,Simon Fraser University
243754102,03srtnf24,Universidade Federal do Ceará
80281795,01jmxt844,University of Otago
25974101,00fbnyb24,University of Würzburg
55143463,048tbm396,University of Turin
161593684,05f0yaq80,Stockholm University
4210158424,04mz0gg46,Washington Tree Fruit Research Commission
1292875679,03qn8fb07,Commonwealth Scientific and Industrial Research Organisation
4210131753,03d0jkp23,Colombian Corporation for Agricultural Research - AGROSAVIA
36234482,0524sp257,University of Bristol
4210109119,015mnn720,Learning Partnership
1281635806,0202cv241,Alberta Environment and Protected Areas
3132506069,00hzs6t60,University of Embu
24571045,04a5szx83,University of North Dakota
4210142250,039t93g49,Forschungsinstitut für Biologischen Landbau
4210092773,00pggkr55,UK Centre for Ecology & Hydrology
4210120109,02v6zg374,Museo Nacional de Ciencias Naturales
4210149515,05s2fqz02,University of Puerto Rico at Utuado
153230381,00wfvh315,Charles Sturt University
41125697,0124gwh94,AgResearch
70703428,04qxnmv42,Palacký University Olomouc
3019692003,032qqvq76,Cardiovascular Institute Hospital
2803061204,009c06z12,Intermountain Medical Center
4210153217,05x4pgd18,Alaska Heart and Vascular Institute
2800275141,02gy6qp39,Allegheny General Hospital
2803030221,03jgh1p68,Abington Memorial Hospital
4210107570,01dpw6893,Scripps Memorial Hospital
4210092452,00h4bp382,Oklahoma Heart Institute
204308271,00qqv6244,Medical College of Wisconsin
1302084367,04xkbx134,Providence Saint Joseph Medical Center
4210156573,05fk0de79,Bassett Medical Center
4210093865,00jc57298,Central Baptist Hospital
4210157065,0552r4b12,Sylvester Comprehensive Cancer Center
145608581,02dgjyy92,University of Miami
184840846,02nkdxk79,Virginia Commonwealth University
4210166598,05ee2qy47,Queen Elizabeth Hospital
44896327,03ks2a131,Mitre (United States)
1306686416,0354t7b78,RTX (United States)
2800403580,03grvy078,University of Minnesota System
145872427,016xsfp80,Radboud University Nijmegen
16391192,04mhzgx49,Tel Aviv University
165690674,009avj582,Oregon Health & Science University
1316194761,01rdg4502,Museum of Vertebrate Zoology
4210138309,04c1v2b17,Center for Innovation
4210112860,01amp2a31,Senckenberg Biodiversity and Climate Research Centre
133731052,040af2s02,University of Helsinki
4210157596,04z256d90,Governors Office of Planning and Research
4210154133,03yvabt26,Instituto de Ecología
184942183,01xtthb56,University of Oslo
114681415,00vcszp55,Arizona Geological Survey
2802565870,01wz97s39,Senckenberg Research Institute and Natural History Museum Frankfurt/M
194223965,03gf8rp76,National Centre for Biological Sciences
11947397,03ht1xw27,Tata Institute of Fundamental Research
926574661,03s7gtk40,Leipzig University
4210167311,05skxkv18,Institute of Zoology
4210138902,03xvqcz58,Mount Wilson Observatory
153648349,04h699437,University of Leicester
181565077,03qt6ba18,Georgia State University
82880672,00wk2mp56,Beihang University
4210126311,03pydk223,Beijing Transportation Research Center
4210127216,031wq1t38,Ministry of Transport
13511017,05h9q1g27,Texas State University
130701444,01zkghx44,Georgia Institute of Technology
9300472,05wwcw481,Bournemouth University
2801533059,043j0f473,German Center for Neurodegenerative Diseases
4210126587,03d1zwe41,Center for Behavioral Brain Sciences
2802333474,030tcms06,Rocky Mountain Biological Laboratory
4210110903,0166x0j30,Natural History Museum Aarhus
124055696,035b05819,University of Copenhagen
111236770,0155zta11,University of Vermont
2801961127,04x4haa49,Chesapeake Bay Program
4210150103,05qyye271,Geophysical Laboratory
58286723,01r4eh644,Lunar and Planetary Institute
79817857,01r7awg59,University of Guelph
121980950,00h6set76,Utah State University
1325481341,00m72wv30,St. Josephs Hospital and Medical Center
2802534033,003sav965,Tianjin Medical University General Hospital
5740404,02mh8wx89,Tianjin Medical University
181547552,02pttbw34,Baylor College of Medicine
1281539108,03zjqec80,Hospital for Special Surgery
4210151235,04x495f64,Rainbow Babies & Childrens Hospital
4210115218,029tkqm80,St. Vincents University Hospital
1743320,04f812k67,Palo Alto University
4210117664,02k5hnj64,Pinnacle Clinical Research
2800138454,00ax59295,Cystic Fibrosis Foundation
1288882113,00dvg7y05,Boston Childrens Hospital
152304114,02e2tgs60,Lamont-Doherty Earth Observatory
131249849,00ysfqy60,Oregon State University
4210102282,0198j4566,Universidad de Las Américas
4210100742,0141xw169,Institute for Space Astrophysics and Planetology
875825670,02gh4kt33,National Institute for Astrophysics
116578957,01cyfxe35,Goddard Institute for Space Studies
2801851002,006v7bf86,Harvard University Press
96673099,04qtj9h94,Technical University of Denmark
2800753661,00v5n6851,Malin Space Science Systems (United States)
128212801,035jbxr46,Smithsonian Tropical Research Institute
7947594,01adr0w49,University of Maine
16269868,03ypqe447,Santa Clara University
4210100421,0146z4r19,National Center for Ecological Analysis and Synthesis
204337017,01aj84f44,Aarhus University
19894307,051escj72,University of Montpellier
159885104,046b3cj80,École Pratique des Hautes Études
86609021,02p9cyn66,Manaaki Whenua – Landcare Research
1308548392,01arysc35,Santa Fe Institute
4210121439,02ggwpx62,National Center for Emerging and Zoonotic Infectious Diseases
1289490764,042twtr12,Centers for Disease Control and Prevention
1281378812,0526p1y61,Oak Ridge Associated Universities
2948394018,05kewds18,Northrop Grumman (United States)
2802349782,00r348449,Office of the Assistant Secretary for Health
1331384533,03tzaeb71,University of Hawaii System
190082696,01v29qb04,Durham University
4210097213,00vxe3x87,Stuttgart Observatory
2800291525,01trfvq12,NASA Exoplanet Science Institute
180670191,043mz5j54,"University of California, San Francisco"
7287704,01h2jcs31,Jewish Hospital
4210100400,00m6w7z96,Northwestern University
4210098814,011htkb76,UPMC Health System
4210146772,04rsgp216,James Graham Brown Foundation
3019204325,05c1qsg97,Centre Hospitalier Universitaire de Nantes
4210146710,03zzw1w08,Mayo Clinic in Florida
2802423016,02s47w807,Winneshiek Medical Center
2801572250,03a9t7g49,Jacksonville College
196021976,01b6kha49,Walter and Eliza Hall Institute of Medical Research
4210103203,00st91468,Victorian Comprehensive Cancer Centre
4210155195,05cpv3t46,Hôpital Claude Huriez
2948539688,02g5p4n58,AbbVie (United States)
107720978,00cb9w016,Ain Shams University
2800555584,02a8bt934,Peter MacCallum Cancer Centre
204823248,023b72294,Huazhong Agricultural University
4210125155,036d5sh68,Institute of Food Science & Technology
4210157677,04qg81z57,Hubei Academy of Agricultural Sciences
161716053,01sfm2718,China Pharmaceutical University
114112103,0304hq317,Leibniz University Hannover
4210145746,03y8hzv17,Southeast
60138030,02vg22c33,Desert Research Institute
47508984,041kmwe10,Imperial College London
2800982586,05bnz7c87,Tall Timbers Research Station and Land Conservancy
4210126046,034ywsh12,Northeast Climate Science Center
161675122,00bdqav06,Cooperative Institute for Research in Environmental Sciences
182286215,00924z688,Institute of Arctic and Alpine Research
1339224429,01gs1cg95,Naval Information Warfare Center Pacific
1333577951,02v6w2r95,California Department of Fish and Wildlife
80605987,033tt8e33,NOAA Earth System Research Laboratory
1308126019,02z5nhe81,National Oceanic and Atmospheric Administration
4210113003,021qvjc46,Physical Sciences (United States)
4210156316,05f1fs902,Rocky Mountain Research (United States)
4210129675,036a0fn15,Pacific Southwest Research Station
4210097148,011590k05,World Wildlife Fund
4210140324,04jyp8093,National Healthcare Service Center
1332479046,03jq88n71,Seattle Cancer Care Alliance
3019308854,01xf75524,Moffitt Cancer Center
4210104185,01k15w004,Sarcoma Oncology Center
2801827564,00wys9y90,Herlev Hospital
4210156450,05sxbyd35,University Medical Centre Mannheim
2802164966,013czdx64,University Hospital Heidelberg
4210151091,04wadq306,Candiolo Cancer Institute
150468666,03czfpz43,Emory University
4210143012,03qwghy04,Duran i Reynals Hospital
4210106184,02bb3e325,Threshold Pharmaceuticals (United States)
4210141491,04fnb9f41,Sarcoma Alliance for Research through Collaboration
2800231306,0424bsv16,Universitair Ziekenhuis Leuven
1335321130,01z7r7q48,Childrens Hospital of Philadelphia
1294278766,03a6zw892,Lurie Childrens Hospital
1314135232,003rfsp33,Nationwide Childrens Hospital
4210150980,051vg8924,Boston Childrens Museum
4210146983,050fhx250,Childrens Healthcare of Atlanta
4210142620,047afsm11,Erasmus MC - Sophia Children’s Hospital
4210101648,01a1jjn24,Connecticut Childrens Medical Center
4210144401,04sh9kd82,Starship Childrens Health
4210167058,02t3p7e85,Queensland Children’s Hospital
4210151884,05h0f1d70,C. S. Mott Childrens Hospital
4210132277,03vnj0h28,Duke Childrens Hospital & Health Center
4210090149,009z5t729,Cook Childrens Medical Center
4210150184,04j36h363,Childrens Hospital & Medical Center
4210113049,024eyyq66,Armed Forces Hospital
167576493,04raf6v53,Colorado School of Mines
2800772125,05pxjag90,Denver Federal Center
4322298,044w7a341,Towson University
146416000,001tmjg57,University of Kansas
164936912,04d5vba33,The University of Texas at El Paso
2801404133,056hf9h18,New York State Department of Agriculture and Markets
4210096498,00n2w1t65,Presbyterian Hospital
2799886695,05eq41471,Veterans Health Administration
74775410,008zs3103,Rice University
4654613,039bjqg32,University of Warsaw
4210124494,037p5ng50,Bolivian Forest Research Institute
104362916,01w17ks16,Gabriel René Moreno Autonomous University
1282913463,05tkvpg69,Centro Agronomico Tropical de Investigacion y Ensenanza Catie
200399037,02yg0nm07,University of Puerto Rico System
80850581,04x3wvr31,Universidade Federal de Uberlândia
2799870028,026dk4f10,Alexander von Humboldt Biological Resources Research Institute
142879360,031e6xm45,Universidad del Norte
4210137556,03t46vz87,Institute of Orthopedic Research and Education
2802336062,059jq5127,Harborview Medical Center
919571938,03gds6c39,The University of Texas Health Science Center at Houston
27897274,02hssy432,Istituto Superiore di Sanità
107672454,049s0rh22,Dartmouth College
1343180700,01ek73717,Intel (United States)
219193219,02dqehb95,Purdue University West Lafayette
2799424032,05t8s3y29,Discovery Institute
188891513,03m1g2s55,Sanford Burnham Prebys Medical Discovery Institute
4210135349,03g897070,Shanghai Institute of Optics and Fine Mechanics
90610280,0530pts50,South China University of Technology
184746854,04ps1r162,Lincoln University
147482076,03sbzv212,Institute for Scientific and Technological Research
1315085146,0122bmm03,Universidade Federal de Lavras
154136665,048r72142,Scion
199440890,001g2fj96,American University of Sharjah
166972335,04ckqgs57,Kenyon College
55021457,01kmz4383,World Agroforestry Centre
111455621,03v8adn41,"Queens College, CUNY"
174216632,00453a208,City University of New York
121847817,00awd9g61,"The Graduate Center, CUNY"
134113660,01keh0577,University of Nevada Reno
4210135981,03n7hja66,Louisiana Department of Natural Resources
133999245,0406gha72,"University of Nevada, Las Vegas"
119443389,05rfqv493,East Tennessee State University
4210150290,048fyec77,Murdoch Childrens Research Institute
4210098750,0107t3e14,Akron Childrens Hospital
1317897188,01kmtg526,Children’s Institute
1334016132,05a25vm86,Lucile Packard Childrens Hospital
2801317318,057q4rt57,Hospital for Sick Children
4210141030,04374qe70,SickKids Foundation
4210087384,00414dg76,Rady Childrens Hospital-San Diego
4210089330,007evha27,Cooper Medical School of Rowan University
4210127752,03032jm09,Levine Childrens Hospital
4210100294,00m9f2x37,Center for Children
108290504,03ad39j10,University of Pisa
2802351361,01gv74p78,Centre Hospitalier Universitaire Sainte-Justine
901861585,05dq2gs74,Vanderbilt University Medical Center
4210153200,04n901w50,British Columbia Childrens Hospital
1295499534,01njes783,Seattle Childrens Hospital
4210147586,05cz92x43,Texas Childrens Hospital
4210097341,01nxwmg26,Georgia Urology
94062374,010bgev76,Florida College
2800079252,02gs2e959,Royal North Shore Hospital
98251732,02fa3aq29,McMaster University
1299303238,01cwqze88,National Institutes of Health
4210138563,03myjph80,Wellcome Centre for Mitochondrial Research
79266365,01vdt8f48,MRC Mitochondrial Biology Unit
2799903593,00hjz7x27,Georgetown University Medical Center
184565670,05vzafd60,Georgetown University
9927081,020hwjq30,Aalto University
30771326,042t93s57,Italian Institute of Technology
175532246,00cyydd11,University of Eastern Finland
1321305853,04grmx538,National Bureau of Economic Research
4210153546,0508h6p74,Flatiron Health (United States)
911713783,03gtdcg60,Diego Portales University
75421653,01w0d5g70,University of Missouri–Kansas City
4210149442,05rwjyj14,Fusion Academy
129902397,01e6qks80,Dalhousie University
2609998029,04m24yn62,National Radio Astronomy Observatory
4210158571,04jvemc39,Max Planck Institute for Radio Astronomy
4210134800,0431hh004,Institut dÉlectronique et des Systèmes
4210136062,04j0y0e37,Brown Foundation
27804330,05gq02987,Brown University
4210106942,02dpmge29,International Centre for Climate Change and Development
162608824,00ayhx656,University of Sussex
1118541,026k5mg93,University of East Anglia
151746483,01aff2v68,University of Waterloo
193662353,04pp8hn57,Utrecht University
2800195862,05c3kvr55,Bangladesh Centre for Advanced Studies
144428437,01t3zke88,German Institute of Development and Sustainability
1309191912,03eqttr49,Research Triangle Park Foundation
4210114143,025vn3989,GlaxoSmithKline (United States)
188950975,01xsqw823,GlaxoSmithKline (United Kingdom)
2799597470,00s18am05,Everglades University
1322780083,056vcnr65,Minnesota Department of Natural Resources
1343028186,04k7dar27,United States Fish and Wildlife Service
173911158,04rswrd78,Iowa State University
150209017,04v7hvq31,Scripps Institution of Oceanography
21449261,02j46qs45,Masaryk University
127328727,00k3ayt93,William Paterson University
197323543,023b0x485,Johannes Gutenberg University Mainz
3017910207,02hb7bm88,Natural Resources Institute Finland
881427289,01tm6cn81,University of Gothenburg
4853710,05fw97k56,Siberian Federal University
205984670,0415vcw02,Czech University of Life Sciences Prague
200763008,033eqas34,University of Giessen
118746106,029zqs055,College of Wooster
166459259,028qtbk54,Shiraz University
52623189,02y18ts25,Bushehr University of Medical Sciences
140172145,02der9h97,University of Connecticut
178645029,05k34t975,Illumina (United States)
126520041,04c4dkn09,University of Science and Technology of China
25757504,01xt2dr21,China University of Mining and Technology
121296143,02m9vrb24,Hunan University of Science and Technology
139660479,00f1zfq44,Central South University
183935753,0220mzb33,Kings College London
4210143278,03bxq7g45,Southwest Watershed Research Center
77216272,0061q5f61,NOAA Air Resources Laboratory
26538001,0264fdx42,San Diego State University
23923803,03yghzc09,University of Exeter
4061448,00c32gy34,Universidad de Sonora
133738476,03hamhx47,University of Massachusetts Lowell
182534213,043pwc612,Universidade do Porto
130438778,04haebc03,Memorial University of Newfoundland
2898336195,03xqtf034,The Netherlands Cancer Institute
2802476451,05cy4wa09,Wellcome Sanger Institute
196349391,032000t02,University of Ulm
4210099379,016731f38,Zimmer Biomet (Germany)
143397708,03pt86f80,Innsbruck Medical University
1850255,02s6k3f65,University of Basel
158937107,03adhka07,Swiss Tropical and Public Health Institute
385303915,01qpw1b93,Wroclaw Medical University
191217947,03vmn1898,NOAA Geophysical Fluid Dynamics Laboratory
1313416372,03zmjc935,US Forest Service
1313003366,04cvvej54,Woodwell Climate Research Center
4210117675,02ks53214,Max Planck Institute for Chemical Ecology
4210142260,03ate3e03,Max Planck Institute for Molecular Genetics
150540706,01w6qp003,University of Veterinary Medicine Vienna
61057504,04kx2sy84,Fujian Agriculture and Forestry University
4210158866,057y6sk36,National Institute of Biomedical Genomics
127439422,00djv2c17,Indian Institute of Science Education and Research Kolkata
2800676788,04g2pxh42,Korea Astronomy and Space Science Institute
4210150094,05qdwtz81,Ludwig Cancer Research
4210117453,02jzgtq86,Dana-Farber Cancer Institute
67206655,04csg5w40,Fielding Graduate University
4210109986,0184qbg02,Parker Institute for Cancer Immunotherapy
1288198617,02e463172,American Cancer Society
107606265,05a0ya142,Broad Institute
168537998,01qat3289,Eli Lilly (United States)
2799612764,00dmmws82,American Childhood Cancer Organization
4210095449,00w52vt71,MUSC Hollings Cancer Center
921990950,02hh7en24,University of Colorado Denver
1334069289,0594s0e67,Carolinas Healthcare System
4210124665,02xbk5j62,Banner - University Medical Center Tucson
138689650,00240q980,University of Padua
4210104507,01ct2ab72,Angeles Clinic and Research Institute
2799810450,020rzx487,Sheba Medical Center
4210119759,02na8dn90,Essen University Hospital
4210111138,01n92vv28,Oncode Institute
4210141868,0506y2b23,"Istituto Nazionale Tumori IRCCS ""Fondazione G. Pascale"""
4210110459,01z1vct10,City of Hope
1285764155,02891sr49,MSD (United States)
2801936213,05rfek682,Kaiser Permanente Oakland Medical Center
39422238,02mpq6x41,University of Illinois at Chicago
16820183,02ys5x139,Illinois College
1285301757,01j7c0b24,Rush University Medical Center
4210152351,0534re684,Max Planck Institute for Evolutionary Biology
155707491,04fnrxr62,Haverford College
867280407,05byvp690,The University of Texas Southwestern Medical Center
4210142318,042x6s220,HTG Molecular Diagnostics (United States)
1279571640,0375f4d26,Alzheimers Association
913958620,057w15z03,Erasmus University Rotterdam
2801952686,018906e22,Erasmus MC
4210123879,02vptss42,Hebrew SeniorLife
97565354,019whta54,University of Lausanne
4210158597,052578691,MRC Epidemiology Unit
4210153238,051snsd81,Icelandic Heart Association
1327191685,04dzdm737,deCODE Genetics (Iceland)
36522303,00r1edq15,University of Greifswald
4210090567,00adh9b73,National Institute of Diabetes and Digestive and Kidney Diseases
4210092939,00fy7kr67,Institute for Integrative and Experimental Genomics
9341345,00t3r8h32,University of Lübeck
123387679,048a87296,Uppsala University
2801780550,02bjh0167,California Pacific Medical Center
4210092991,00fqdfs68,Kuopio University Hospital
57664883,03tzb2h73,Ajou University
139264467,04h9pn542,Seoul National University
4210090236,00baak391,National Human Genome Research Institute
75951250,046ak2485,Freie Universität Berlin
103635307,03nawhv43,"University of California, Riverside"
2799657458,05a90fj07,Ealing Hospital
4210163491,0380w8h49,Ealing Hospital NHS Trust
4210097010,00qdsfq65,Korea National Institute of Health
4210158898,05hygey35,MRC Institute of Genetics and Molecular Medicine
123946342,008rmbt77,Binghamton University
2802335433,040r8fr65,Aarhus University Hospital
2799318839,025vngs54,Greifswald University Hospital
39624965,03tf0c761,Finnish Institute for Health and Welfare
4210137844,02z31g829,Skåne University Hospital
2800394112,02e8hzf44,Helsinki University Hospital
1336263701,01rjnta51,Wellcome Centre for Human Genetics
24185976,011ashp19,Sichuan University
204983213,01yqg2h08,Harbin Institute of Technology
75717288,05m9vrv91,Rogers (United States)
1298453700,046a9q865,Space Science Institute
21370196,02j61yw88,Aristotle University of Thessaloniki
15766117,01faaaf77,University of Graz
44377176,03h3jqn23,European Space Research and Technology Centre
3130643134,0431q3e43,Ensenada Institute of Technology
95674353,02495e989,UCLouvain
1299204452,0329s8h62,Oeschger Centre for Climate Change Research
48296137,012a18r91,Sukachev Institute of Forest
4210093852,00jj3h083,"Institute of Plant and Microbial Biology, Academia Sinica"
72578492,0288qta63,Hartwick College
32625721,010x8gc63,University of Saskatchewan
3131038610,01dhcyx48,Cary Institute of Ecosystem Studies
1344073410,006w34k90,Howard Hughes Medical Institute
2799986158,00fbze943,Arcetri Astrophysical Observatory
2801409098,04kzeme37,Hartebeesthoek Radio Astronomy Observatory
201324441,041zkgm14,University of Ferrara
4210088741,009ywjj88,Clinical Research Institute
4210105663,01mmady97,Deutsches Herzzentrum der Charité
2800191616,02d9ce178,Maastricht University Medical Centre
2802635630,04scgfz75,University Hospital Galway
153718931,03c4mmv16,University of Ottawa
90871651,01pbdzh19,University of Toledo
4210139181,0419gy550,Minamiaoyama Eye Clinic
1323843004,03wefcv03,Sunnybrook Health Science Centre
5388228,022kthw22,University of Rochester
5444425,04fceqm38,Macalester College
141595442,02x2v6p15,University of Bucharest
2799431996,00tcb9k97,New York Eye and Ear Infirmary
169381384,012p63287,University of Groningen
4210110302,01vaykv86,Facial Plastics Surgery Associates
162148367,04teye511,Pontificia Universidad Católica de Chile
79510175,03kk7td41,Cardiff University
4210105767,01pz1d457,Quantum Devices (United States)
95023434,04qzfn040,University of KwaZulu-Natal
103163165,05g3dte14,Florida State University
4210106521,01jgv6w72,National Institute for Theoretical Physics
4210138427,03grsxg62,Computational Physics (United States)
161171246,0053n5071,West Chester University
4210147862,04vh1tq58,Friedrich Miescher Laboratory
149899117,01hhn8329,Max Planck Society
24943067,013q1eq08,Fudan University
90060838,040y9br29,Africa Rice Center
1323638106,023v4bd62,National Agriculture and Food Research Organization
4210156466,053g6zg46,Institute of Crop Science
68618741,03c44v465,Polytechnic University of Bari
70368782,02zvkba47,National University of Comahue
93860229,01nffqt88,Politecnico di Milano
4210090489,00073tb80,State Key Laboratory of Pollution Control and Resource Reuse
4210106872,01tegtn91,Pulp and Paper Research Institute
872623138,02dxgk712,Search for Extraterrestrial Intelligence
4210129531,0377t1328,European Southern Observatory
1302368832,01smpj292,Arizona Department of Health Services
56590836,02bfwt286,Monash University
5681781,00892tw58,University of Adelaide
4210137740,03e3kts03,South Australian Health and Medical Research Institute
4210088875,0053hg536,Arkana Laboratories
4210138181,03bzbh797,UPMC Montefiore
1339091601,0127qs140,Saint Lukes Health System
1340179700,03gzbrs57,NewYork–Presbyterian Hospital
2802542264,04k51q396,University Hospital of Basel
200166805,00j161312,Guys and St Thomas NHS Foundation Trust
1324925910,054gk2851,St Thomas Hospital
78715868,05jbt9m15,University of Arkansas at Fayetteville
157485424,05apxxy63,Korea Advanced Institute of Science and Technology
4210104335,00y0zf565,Institute for Basic Science
196345858,0227as991,Chungnam National University
39063666,03a64bh57,University of Catania
138285227,02tryst02,Agilent Technologies (United States)
4210151747,04yt1rh21,Lifespan
2800041687,04mynmf89,St Vincent Hospital
109654844,03pgm1r86,American College of Cardiology
4210102099,018txrr13,VA Ann Arbor Healthcare System
4210114445,01zcpa714,Michigan Medicine
137473845,008hybe55,Joint Institute for Laboratory Astrophysics
2802806801,02v8jq558,Xerces Society
119234918,02h4qpx12,University of Northern Iowa
4210148502,045e95p45,JourneyCare
4210154954,04hja5e04,State Key Laboratory of Respiratory Disease
74788687,0587ef340,Comenius University Bratislava
126231945,00hswnk62,Queens University Belfast
4210092408,00ff5f522,Toulouse School of Economics
4210139217,03fg2km54,Institute for Advanced Study in Toulouse
16465266,029ycp228,Austral University of Chile
41198531,043bpky34,Nanjing University of Posts and Telecommunications
76569877,04ct4d772,Southeast University
199305430,02afcvw97,Nantong University
45683168,05f8d4e86,Polytechnique Montréal
2799503643,01esghr10,Columbia University Irving Medical Center
4210159790,04nps9965,Institute of Earth Environment
1049131,05v5xnv04,Tung Fang Design Institute
4210160261,05kkfq345,Research Institute for Humanity and Nature
889458895,02zhqgq86,University of Hong Kong
183570559,04gknbs13,National Chiayi University
87445476,017zhmm22,Xian Jiaotong University
36001604,02t2qwf81,University of Peshawar
2801148111,01kta7d96,McLean Hospital
4210128618,036c9yv20,University of Kansas Medical Center
4210159453,04rtaxr13,Center for Rheumatology
4210147155,03t432d20,Pediatrics and Genetics
134446601,02xewxa75,Berkeley College
212119943,04s5mat29,University of Victoria
123576224,03z8jm198,Herzberg Institute of Astrophysics
1282311441,041nk4h53,Lawrence Livermore National Laboratory
899635006,02rx3b187,Université Grenoble Alpes
4210121961,02wtj7z45,Gemini South Observatory
125749732,02grkyz14,Western University
1338124936,03thb3e06,American Museum of Natural History
4210167273,05q79g396,Infrared Processing and Analysis Center
169540460,01ar9e455,The Aerospace Corporation
4210120668,02ed4cj64,Creative Commons
194388944,04v097707,"California State University, Channel Islands"
4210133905,02qm18h86,VA Pittsburgh Healthcare System
4210105504,00yrf4e35,Osservatorio Astrofisico di Torino
2801144803,05m4hh157,Pulkovo Observatory
4210120893,02s2qpg90,Institute of Astronomy and National Astronomical Observatory
2799845340,01qdbbk19,Special Astrophysical Observatory
58918642,02jv3k292,"Sofia University ""St. Kliment Ohridski"""
4210145888,04ndj7y66,Osservatorio Astronomico della Regione Autonoma Valle dAosta
4210160193,054y9c036,Telescopio Nazionale Galileo
22265921,00944ve71,National Central University
4210155633,04t4pcw17,Astronomical Observatory
2800313864,02hnp4676,Astronomical Observatory of Rome
4210103575,01avs2k90,Ulugh Beg Astronomical Institute
1306486109,051sx6d27,Dublin Institute For Advanced Studies
185571130,03q0vrn42,Al-Farabi Kazakh National University
2802362320,02gkgrd84,Abastumani Astrophysical Observatory
141479679,051j8zv27,Osaka Kyoiku University
4210125745,02vv9p907,Nordic Optical Telescope
2799389969,0209dk158,Lowell Observatory
4210150709,05bt7sv47,Instituto de Radioastronomía Milimétrica
165143802,00rqy9422,University of Queensland
4210139912,03zzjb946,Nishinomiya Kyoritsu Neurosurgical Hospital
112089915,020756q03,Chiba Prefectural University of Health Sciences
30290273,04n6qtb21,National Institute of Fitness and Sports in Kanoya
2799342462,04x7hfy59,Naples Community Hospital Healthcare System
2801240073,03vzbgh69,University Medical Center Freiburg
4210096640,00cv4n034,Royal Brompton Hospital
34931013,0187kwz08,National Institute for Health Research
82783531,01h22ap11,Penn State Milton S. Hershey Medical Center
210557978,01s5axj25,Lunenfeld-Tanenbaum Research Institute
1291836623,05deks119,Mount Sinai Hospital
1289437631,0567t7073,Fox Chase Cancer Center
155781252,02b6qw903,University of South Carolina
4210142998,046zezr58,Office of Disease Prevention
4210091794,00fj8a872,Office of the Director
1322918889,05rsv9s98,United States Department of Veterans Affairs
4210096410,00tnycw03,Cancer Support Community
4210115830,01geb0342,Anthem (United States)
4210097447,00xgaya81,Bipartisan Policy Center
4210124242,0370sjj75,Optum (United States)
148244530,01yyxv878,Wingate University
158133745,037msyf12,MGH Institute of Health Professions
76835614,02ymw8z06,University of Missouri
4210113157,024b7e967,Phoenix VA Health Care System
4210154430,058p1kn93,VA Long Beach Healthcare System
4210152177,05fnzzk18,Center for Clinical Research (United States)
2801777058,04byvwj54,Heritage Preservation
1283654650,03n7vd314,Prisma Health
4210092218,00h7y2d26,Sensimetrics Corporation
4210156876,05xcarb80,VA Greater Los Angeles Healthcare System
39555362,01a77tt86,University of Warwick
2802288015,01k7a6660,Hennepin County Medical Center
926076166,033ztpr93,Texas Tech University Health Sciences Center
12315562,0405mnx93,Texas Tech University
125467818,016yv6y68,Dakota State University
57328836,05h1bnb22,North Dakota State University
4210151115,05yc3mk04,Healthy Start
3129270235,006a4jj40,Mount Stromlo Observatory
4210088861,0051xhq65,Chinese Academy of Science South America Center for Astronomy
1282927834,02pammg90,Cedars-Sinai Medical Center
2801954024,02fwden70,Astronomical Observatory of Capodimonte
1284308235,02hfpnk21,Translational Genomics Research Institute
39965400,03rcspa57,Kettering University
2802194831,05a15z872,Samsung Medical Center
848706,04q78tk20,Sungkyunkwan University
100538780,05h7xva58,Wesleyan University
49611733,01egwg173,UK Astronomy Technology Centre
130828816,024mrxd33,University of Leeds
62318514,04mz5ra38,University of Duisburg-Essen
184656255,01qjrx392,University of Liechtenstein
102149020,04dawnj30,University of North Carolina at Charlotte
177605424,028vqfs63,Amherst College
168635309,03yjb2x39,University of Calgary
1310019138,03tpyg842,Michigan Department of Health and Human Services
4210111179,0291ys696,Michigan United
4210135511,044kkfr75,AlbaNova
4210114115,0265w5591,IBM Research - Thomas J. Watson Research Center
17301866,03xrrjk67,University of Alabama
4210160382,05symbg58,INFN Sezione di Pisa
121820613,05ect4e57,Louisiana State University
126820664,022x6qg61,Vassar College
4210093174,00kw1sm04,European Space Astronomy Centre
27559774,03g1q6c06,State University of New York at Geneseo
4210111566,01rx5dh02,RUAG (Switzerland)
122697084,03zm2br59,Centrum Badań Kosmicznych
4210111045,02623eb90,Astrogeology Science Center
4210160179,053pwmv60,V.I. Vernadsky Institute of Geochemistry and Analytical Chemistry
1313323035,05qrfxd25,Russian Academy of Sciences
4210146808,04fm0sh33,Laboratoire de Planétologie et Géosciences
97188460,03gnr7b55,Nantes Université
39387349,00qjgza05,University of Chieti-Pescara
4210116419,02j6gm739,Max Planck Institute for Solar System Research
153473198,04qr5t414,North China Electric Power University
4210165424,01ss14a40,Institute of Pharmacology
162577319,049emcs32,The University of Texas at Dallas
4210123600,02qt1p572,Hôpital Edouard Herriot
4210101162,018gc9r78,Helios Hospital Schwerin
4210094974,00nfw5c37,Istituto Ramazzini
2800061829,05b3hqn14,North York General Hospital
2801253297,05d576879,Southmead Hospital
4210143013,03qwx2883,Puigvert Foundation
4210163752,03xy06m93,Memorial Health System
2802934949,05wg1m734,Radboud University Medical Center
1339509835,04tpp9d61,NorthShore University HealthSystem
84392919,00kx1jb78,Temple University
98813999,009mk5659,American College of Surgeons
1328499231,02z9g9j20,BJC HealthCare
4210104016,014c68a74,St. Louis VA Medical Center
1285204247,01hcyya48,Cincinnati Childrens Hospital Medical Center
118019719,00by1q217,Roche (Switzerland)
1298154867,05q6tgt32,Kennedy Krieger Institute
4210143137,04sq8k219,University of Louisville Hospital
2800817003,058zz0t50,Southern California University for Professional Studies
43579087,031q21x57,University of Wisconsin–Milwaukee
99041443,0432jq872,Mississippi State University
2802094821,042r9xb17,NOAA Atlantic Oceanographic and Meteorological Laboratories
2802992173,02kgve346,NOAA Oceanic and Atmospheric Research
84475105,010jskt71,Embry–Riddle Aeronautical University
113508548,01vme4277,Albany State University
392282,012zs8222,"University at Albany, State University of New York"
107766831,05cvfcr44,National Center for Atmospheric Research
1288214837,04d23a975,United States Naval Research Laboratory
1342547582,026ny0e17,Environment and Climate Change Canada
2800026062,03bz9t645,Bedford Institute of Oceanography
4210120769,0288wcg94,ARC Centre of Excellence for Climate System Science
188329596,04s1nv328,University of Canberra
27841520,03crn0n59,NOAA Pacific Marine Environmental Laboratory
1319261023,02nb3aq72,Monterey Bay Aquarium Research Institute
36685595,0407f1r36,University of Social Sciences and Humanities
16778253,04waf7p94,Instytut Biologii Doświadczalnej im. Marcelego Nenckiego
16365422,02czkny70,Hefei University of Technology
911458345,00q6h8f30,Amsterdam UMC Location VUmc
112289208,02dg0pv02,United Nations Childrens Fund
4210129333,0367sm721,Caribbean Disaster Emergency Management Agency
1334329717,00ae7jd04,World Bank
4210132175,03ezapm74,Fundación Santa Fe de Bogotá
4210093348,00hdf8e67,Jawaharlal Nehru Medical College
25399158,01znkr924,Mahidol University
4210093093,01e4tdn74,Ministry of Agriculture Livestock and Fisheries
4210127845,0357r2107,Ministry of Health
118636833,03sfkwk85,Rockefeller Foundation
4210105654,01f80g185,World Health Organization
4210131185,03fqcyc11,Facultad Latinoamericana de Ciencias Sociales
72227227,03dmz0111,Makerere University
118185606,03gd0dm95,Aga Khan University
881766915,01rxvg760,Nanjing University
197251160,03qxff017,Hebrew University of Jerusalem
4210092927,00gd1f947,NOAA National Severe Storms Laboratory
4210112230,0205xz563,State Key Laboratory of Plant Genomics
4210124606,02aee5m12,Institute of Genetics and Developmental Biology
119454577,05td3s095,Nanjing Agricultural University
180585399,00prkya54,Dalian Institute of Chemical Physics
206651237,01red3556,Texas A&M University – Commerce
4210128526,03bw34a45,UPMC Hillman Cancer Center
4210099310,0182a5n39,Consorzio Nazionale Interuniversitario per le Telecomunicazioni
116067653,02p77k626,University of Rome Tor Vergata
39854758,01zvqw119,Auckland University of Technology
190632392,016st3p78,Luleå University of Technology
46597724,00p7p3302,Poznań University of Technology
86987016,026vcq606,KTH Royal Institute of Technology
52418104,05syd6y78,Universidade Federal do Paraná
204722609,02y72wh86,Queens University
2801159745,03v7tx966,Huntsman Cancer Institute
2613432,032db5x82,University of South Florida
2801729525,03teaad16,Rex Hospital
2801983979,01fbz6h17,Denver Health Medical Center
4210106153,01fbdn283,Magee-Womens Hospital
4210091416,00c66jq56,South Shore Hospital
4210106595,010h6g454,Sidney Kimmel Cancer Center
4210097601,00cj35179,The University of Kansas Cancer Center
1320320070,034xvzb47,United States Food and Drug Administration
1287402277,02ar7h206,Las Cumbres Observatory Global Telescope Network
1329765538,043pgqy52,Universities Space Research Association
175682507,03em45j53,Armstrong Flight Research Center
28022161,02f81g417,King Saud University
4210158408,04mw0p229,Matrix Research (United States)
4210098770,00xb4cb83,Southern Arizona VA Health Care System
2802487149,0426ffx42,Pacific Research Institute
4210135767,03m4ve365,Instituto Florestal
3017928408,02cbymn47,Universidade do Estado de Mato Grosso
110200422,0176yjw32,Universidade Federal de Minas Gerais
4210160371,05rshs160,Instituto Federal do Espírito Santo
178975111,026jgjr74,Spectral Sciences (United States)
185443292,01070mq45,Wayne State University
43439940,01ryk1543,University of Southampton
8616870,05gj63w50,Southwestern University
4210116079,022j2n646,South African Radio Astronomy Observatory
143302722,02k3smh20,University of Kentucky
44206873,018yta094,Morehead State University
141649380,04j198w64,Western Michigan University
17856709,02x3skf39,Bridgewater State University
8078737,037s24f05,Clemson University
141472210,01j7nq853,University of Alaska Fairbanks
1310815967,01p7k1986,Central European Institute of Technology
4210090417,009nz6031,Central European Institute of Technology – Masaryk University
196679689,04xm1d337,Joint Genome Institute
4210145894,04nz0wq19,HudsonAlpha Institute for Biotechnology
4210114610,020xg4k98,Phyzen (South Korea)
71030271,01f7bcy98,Heidelberg Institute for Theoretical Studies
79620101,00xcryt71,University of Arkansas for Medical Sciences
35928602,01zqcg218,Kyung Hee University
2800895607,04ryvdf08,Space Research Institute
4210165452,05hm2ja81,Research Institute in Astrophysics and Planetology
4210125535,030syve83,Observatoire Midi-Pyrénées
17866349,004raaa70,Université de Toulouse
106938459,05nkf0n29,University of New Brunswick
2898391981,04bwf3e34,German Aerospace Center
2800531696,05g3rxr48,Arizona Science Center
4210132739,03vepk527,Carl Hayden Bee Research Center
4210143869,048ns6x85,National Laboratory for Agriculture and the Environment
4210161097,058zxsr17,Bolin Centre for Climate Research
4210150153,04sdy1r02,Lund Science (Sweden)
112475681,058cmd703,Joint Global Change Research Institute
1289243028,01qz5mb56,Oak Ridge National Laboratory
4210131963,02ngnwv51,National Forage Seed Production Research Center
4210107718,019jdc178,Northern Research Station
1329458056,00hpnfm55,Union of Concerned Scientists
1332586654,032zc6m47,Bronson Methodist Hospital
83657090,01g7s6g79,Neuroscience Research Australia
4210108821,022arq532,Prince of Wales Hospital
1335113835,00m8d6786,Karolinska University Hospital
52010207,00tjv0s33,Keimyung University
4210110978,01vrybr67,Louis Stokes Cleveland VA Medical Center
1341613880,02vfy4r65,Charleston Area Medical Center
155173764,00v4yb702,Rochester Institute of Technology
181647926,00n3w3b69,University of Strathclyde
2801816099,03cw63y62,Womens College Hospital
4210106436,01pzjt917,Hospital Txagorritxu
2802832906,02zg69r60,Vancouver General Hospital
2801766832,04cpxjv19,McGill University Health Centre
1297363086,04skqfp25,St. Michaels Hospital
4210145268,03se9eg94,Hospital das Clínicas da Faculdade de Medicina da Universidade de São Paulo
4210150747,0468gx405,Hôtel-Dieu de Montréal
1314143314,05m7vf540,Capital District Health Authority
4210135357,03gf7z214,Institut Universitaire de Cardiologie et de Pneumologie de Québec
3129555431,01226dv09,University Hospital Regensburg
4210121705,02mh9a093,Pitié-Salpêtrière Hospital
4210145596,04g0m2d49,Juntendo University Hospital
4210102918,01a1mq059,ARC Centre of Excellence in Plant Energy Biology
4210151079,04vhn6x78,Instituto Multidisciplinario de Biología Vegetal
166401450,056tb7j80,Universidad Nacional de Córdoba
3132302805,03gsd6w61,National University of Saint Anthony the Abbot in Cuzco
86467917,04gsp2c11,James Cook University
65285256,00013q465,Pontifical Catholic University of Peru
111199411,025h79t26,University of Peradeniya
136848882,03njz2k95,Optech (Canada)
2800055578,03a1gte98,Canadian Space Agency
199361194,01qxmdg18,NASA Astrobiology Institute
143104139,004majf41,Hobart and William Smith Colleges
4210144875,03we0h094,Foresight Science & Technology (United States)
2799504096,011w6k548,New York Times
47301684,050kcr883,Illinois State University
27483092,00x27da85,University of Perugia
4210131186,03fte3n86,Laboratoire dÉcophysiologie Moléculaire des Plantes sous Stress Environnementaux
4210144272,03qx0n513,U.S. Arid Land Agricultural Research Center
4210118689,02qezmz13,Joint Research Centre
2799553609,0347fy350,Rothamsted Research
4210091653,003s4zv17,EaglePicher Technologies (United States)
175234967,01dbmzx78,Telethon Kids Institute
2799725268,04rrkhs81,Manchester Academic Health Science Centre
170486558,04n0g0b29,Pompeu Fabra University
4210092159,00ftv8552,Center for Research in Environmental Epidemiology
4210128006,02txwfx92,Osservatorio Astronomico di Palermo
32574673,01a099706,Shantou University
4210091098,00a53nq42,Cancer Hospital of Shantou University Medical College
197940685,00874hx02,National Oceanography Centre
4210124937,03dsd0g48,Laboratoire des Sciences du Climat et de lEnvironnement
11886867,03vaqfv64,GNS Science
79619799,03angcq70,University of Birmingham
4210102807,016tr2j79,Uni Research (Norway)
2799966484,011n96f14,Bjerknes Centre for Climate Research
4210105818,01khbav88,Getech (United Kingdom)
32394136,049e6bc10,Northumbria University
127251866,032e6b942,Alfred-Wegener-Institut Helmholtz-Zentrum für Polar- und Meeresforschung
189196454,019kgqr73,The University of Texas at Arlington
2801622001,03hrxmf69,Newton Wellesley Hospital
4210138174,03rqvr941,Circadian (United States)
2801671727,04v00sg98,VA Boston Healthcare System
4210095955,00ppwb536,Cleveland Sleep Research Center
36373038,02x4b0932,Cleveland Clinic Lerner College of Medicine
4210123017,031grv205,Framingham Heart Study
162210093,0593p4448,International Rice Research Institute
4210088102,0019g1982,Universidad de Hermosillo
4210144025,052acn261,Center for Excellence in Tibetan Plateau Earth Sciences
4210141476,03zn6c508,Institute of Tibetan Plateau Research
4210165038,05qbk4x57,University of Chinese Academy of Sciences
4210093799,00ndyev54,NOAA National Centers for Environmental Prediction
163340411,01wd4xt90,Hohai University
2801951336,00jerb145,Washington Hospital
4210155647,04vfsmv21,National Institutes of Health Clinical Center
124227911,05tkyf982,Ben-Gurion University of the Negev
203238179,016sewp10,Rhodes University
2802629923,030cszc07,Australian Astronomical Observatory
4210165411,05xx77y52,"Centro de Investigaciones Energéticas, Medioambientales y Tecnológicas"
71715416,028kg9j04,Universidade Federal do ABC
139759216,04w9fbh59,Beijing University of Posts and Telecommunications
4210164580,058pyyv44,National Astronomical Observatories
176790772,00r4sry34,Murdoch University
28166907,056d84691,Karolinska Institutet
1315135799,025chrz76,Marshfield Clinic
4210105714,01gcrbc43,Center for Human Genetics
89652312,0051rme32,Northwest A&F University
2800011936,02tdtzx53,Sainsbury Laboratory
137902535,04tj63d06,North Carolina State University
143593769,01vyrm377,East China University of Science and Technology
39815113,04agmb972,Georgia Southern University
1334415907,03cv38k47,University Medical Center Groningen
3019586173,016z2bp30,National Jewish Health
2800858616,04hy0x592,Woolcock Institute of Medical Research
169335092,04fnxsj42,University of North Carolina at Greensboro
2802523755,033cz6738,Oklahoma Department of Rehabilitation Services
121797337,027bh9e22,Leiden University
25169866,03b9snr86,Universidade Católica Portuguesa
4210119469,02fnpjd08,Institute of Vegetables and Flowers
4210110723,01fj5gf64,Hunan Academy of Agricultural Sciences
4210097978,0111f7045,Institute of Plant Protection
376102,05hbrxp80,Agricultural Research Organization
101479585,05v9jqt67,South China Agricultural University
146773158,051qwcj72,Qingdao Agricultural University
4210135772,03mj14b52,Peuplement Végétaux et Bio-agresseurs en Milieu Tropical
55060895,00bmj0a71,University of Greenwich
4210162782,05t3n1398,Natural Resources Institute
4210138501,0313jb750,Chinese Academy of Agricultural Sciences
78978612,03tqb8s11,Yangzhou University
4210146959,04trzn023,Beijing Academy of Agricultural and Forestry Sciences
4750791,04eq83d71,Henan Agricultural University
17626003,013ckk937,University of Rhode Island
75900474,03a60m280,Hubei University
158842170,023rhb549,Chongqing University
114017466,03f0f6041,University of Technology Sydney
161057412,01rmh9n78,University of New Hampshire
4210124557,02s42ys89,Pacific Northwest Research Station
148261361,004gzqz66,Institut de physique du globe de Paris
4210103356,01dmyj570,Shriners Hospitals for Children - Northern California
1282516798,04v8djg66,Atrium Health Wake Forest Baptist
4210122658,022fhzr29,Arizona Research Center
1293035123,01ch2yn61,Met Office
277688954,03xjwb503,University of Paris-Saclay
4210163131,05esem239,Max Planck Institute for Meteorology
82951845,04ttjf776,RMIT University
190816365,007dga614,Bloomsburg University
89458556,038z2eg27,University of Puerto Rico at Arecibo
166825849,033003e23,Tampere University
198006653,00ydm0027,University of Maine at Farmington
4210110611,01rgzab50,Eaton (United Kingdom)
4210133173,044pgyv50,Research!America (United States)
1302493489,05xd9aq52,Ohio Environmental Protection Agency
32870303,04nk82x68,University of South Carolina Sumter
4210126061,030vmwa78,Institute of Geology and Geophysics
4210130065,037nqez35,Myanmar Geosciences Society
4210111149,01nph4h53,Aerodyne Research
4210160216,052bwdm80,Bucks County Intermediate Unit
2800098157,029dswp54,Central Land Council
4210133379,03g24h954,MRS Training & Rescue
116191961,017kqpz20,Northern (Arctic) Federal University
2802106081,04xsj2p07,Observatory of Strasbourg
141584323,0267vjk41,University of Hertfordshire
176453806,03bnmw459,University of Potsdam
1286704778,03gq8fr08,Rutherford Appleton Laboratory
4210126779,039fj2469,Observatoire de la Côte d’Azur
201841394,019tgvf94,Université Côte dAzur
185852735,010jbqd54,University of Central Lancashire
2802229908,03eh3y714,Paul Scherrer Institute
59270414,04dese585,Indian Institute of Science Bangalore
205274468,02tyrky19,Trinity College Dublin
4210106392,01k8nkc73,ARC Centre of Excellence for Environmental Decisions
4210120395,02jgyam08,Max Planck Institute for Demographic Research
68956291,05gqaka33,Martin Luther University Halle-Wittenberg
2801030728,01jty7g66,German Centre for Integrative Biodiversity Research
177969490,03yrrjy16,University of Southern Denmark
4210109224,01kcrnc96,Institut de Planétologie et dAstrophysique de Grenoble
4210121240,01whksa54,Institute of Astronomy
10457146,02ma57s91,University of Santiago Chile
2801658355,005y2ap84,Office National dÉtudes et de Recherches Aérospatiales
4210098323,010k3rm26,Global Social Observatory
2802758316,00w7dj406,American Society of Health-System Pharmacists
141670070,04g9e0f44,Willamette University
46247651,02gfys938,University of Manitoba
4210108166,01r4hwz76,Institute for Geological and Geochemical Research
4210128682,036wvs663,Research Centre for Astronomy and Earth Sciences
198412221,006vxbq87,HUN-REN Institute for Nuclear Research
4210122271,02j8vpa07,Geographical Institute
4210156273,052t9a145,Plant Protection Institute
4210112235,020hmha06,Nordic Laboratory for Luminescence Dating
79741316,037b5pv06,University of Pecs
