id,title,doi,publication_date,oa_url,pdf_path
2762087180,"Ferroptosis: A Regulated Cell Death Nexus Linking Metabolism, Redox Biology, and Disease",https://doi.org/10.1016/j.cell.2017.09.021,2017-10-01,http://www.cell.com/article/S009286741731070X/pdf,
2626354203,Diabetic Foot Ulcers and Their Recurrence,https://doi.org/10.1056/nejmra1615439,2017-06-15,None,
2585292421,Beyond the Turk: Alternative platforms for crowdsourcing behavioral research,https://doi.org/10.1016/j.jesp.2017.01.006,2017-05-01,https://repository.arizona.edu/bitstream/10150/623545/1/Brandimarte_Beyond_Turk.pdf,../database/content/2585292421/2585292421.pdf
2593224863,"Sloan Digital Sky Survey IV: Mapping the Milky Way, Nearby Galaxies, and the Distant Universe",https://doi.org/10.3847/1538-3881/aa7567,2017-06-29,https://doi.org/10.3847/1538-3881/aa7567,
2949380767,The Apache Point Observatory Galactic Evolution Experiment (APOGEE),https://doi.org/10.3847/1538-3881/aa784d,2017-08-14,https://iopscience.iop.org/article/10.3847/1538-3881/aa784d/pdf,
2557666746,"Rucaparib in relapsed, platinum-sensitive high-grade ovarian carcinoma (ARIEL2 Part 1): an international, multicentre, open-label, phase 2 trial",https://doi.org/10.1016/s1470-2045(16)30559-9,2017-01-01,http://manuscript.elsevier.com/S1470204516305599/pdf/S1470204516305599.pdf,
2581406049,Microbiota Transfer Therapy alters gut ecosystem and improves gastrointestinal and autism symptoms: an open-label study,https://doi.org/10.1186/s40168-016-0225-7,2017-01-23,https://microbiomejournal.biomedcentral.com/track/pdf/10.1186/s40168-016-0225-7,../database/content/2581406049/2581406049.pdf
2611695796,AASM Scoring Manual Updates for 2017 (Version 2.4),https://doi.org/10.5664/jcsm.6576,2017-05-15,https://jcsm.aasm.org/doi/pdf/10.5664/jcsm.6576,
2556211367,Service-dominant logic 2025,https://doi.org/10.1016/j.ijresmar.2016.11.001,2017-03-01,None,
2750514629,Mitochondrial energetics in the kidney,https://doi.org/10.1038/nrneph.2017.107,2017-08-14,https://europepmc.org/articles/pmc5965678?pdf=render,../database/content/2750514629/2750514629.pdf
2765476133,"The Electromagnetic Counterpart of the Binary Neutron Star Merger LIGO/Virgo GW170817. II. UV, Optical, and Near-infrared Light Curves and Comparison to Kilonova Models",https://doi.org/10.3847/2041-8213/aa8fc7,2017-10-16,https://iopscience.iop.org/article/10.3847/2041-8213/aa8fc7/pdf,
3098624753,Mind Your Ps and Qs: The Interrelation between Period (P) and Mass-ratio (Q) Distributions of Binary Stars,https://doi.org/10.3847/1538-4365/aa6fb6,2017-06-01,https://iopscience.iop.org/article/10.3847/1538-4365/aa6fb6/pdf,
2774444386,An 800-million-solar-mass black hole in a significantly neutral Universe at a redshift of 7.5,https://doi.org/10.1038/nature25180,2017-12-06,https://arxiv.org/pdf/1712.01860,../database/content/2774444386/2774444386.pdf
2727841424,A multi-species synthesis of physiological mechanisms in drought-induced tree mortality,https://doi.org/10.1038/s41559-017-0248-x,2017-08-07,https://www.osti.gov/biblio/1467333,
2775503072,The twilight of immunity: emerging concepts in aging of the immune system,https://doi.org/10.1038/s41590-017-0006-x,2017-12-14,None,
2591630414,A new subfamily classification of the Leguminosae based on a taxonomically comprehensive phylogeny: The Legume Phylogeny Working Group (LPWG),https://doi.org/10.12705/661.3,2017-02-01,https://onlinelibrary.wiley.com/doi/pdfdirect/10.12705/661.3,
2595220198,ICTV Virus Taxonomy Profile: Geminiviridae,https://doi.org/10.1099/jgv.0.000738,2017-02-01,https://doi.org/10.1099/jgv.0.000738,
3099357154,The Hyper Suprime-Cam SSP Survey: Overview and survey design,https://doi.org/10.1093/pasj/psx066,2017-09-04,https://arxiv.org/pdf/1704.05858,../database/content/3099357154/3099357154.pdf
2753856199,Advancing social connection as a public health priority in the United States.,https://doi.org/10.1037/amp0000103,2017-09-01,https://repository.arizona.edu/bitstream/10150/632143/1/Holt-Lunstad%2c%20Robles%2c%20Sbarra%20AP_2017.pdf,../database/content/2753856199/2753856199.pdf
2626059976,Damming the rivers of the Amazon basin,https://doi.org/10.1038/nature22333,2017-06-01,https://repository.arizona.edu/bitstream/10150/625952/1/Baker_Nature_Amazon_Dams.pdf,../database/content/2626059976/2626059976.pdf
2767780867,Transport of drugs from blood vessels to tumour tissue,https://doi.org/10.1038/nrc.2017.93,2017-12-01,https://europepmc.org/articles/pmc6371795?pdf=render,../database/content/2767780867/2767780867.pdf
2640475594,Estrogen–gut microbiome axis: Physiological and clinical implications,https://doi.org/10.1016/j.maturitas.2017.06.025,2017-09-01,http://www.maturitas.org/article/S0378512217306503/pdf,
2770565810,Genome sequence of the progenitor of the wheat D genome Aegilops tauschii,https://doi.org/10.1038/nature24486,2017-11-01,https://www.nature.com/articles/nature24486.pdf,../database/content/2770565810/2770565810.pdf
2548118086,Contribution of citizen science towards international biodiversity monitoring,https://doi.org/10.1016/j.biocon.2016.09.004,2017-09-01,https://doi.org/10.1016/j.biocon.2016.09.004,
3104815301,The Electromagnetic Counterpart of the Binary Neutron Star Merger LIGO/Virgo GW170817. IV. Detection of Near-infrared Signatures of r-process Nucleosynthesis with Gemini-South,https://doi.org/10.3847/2041-8213/aa905c,2017-10-16,https://iopscience.iop.org/article/10.3847/2041-8213/aa905c/pdf,
2766936425,"Viewpoints: how the hippocampus contributes to memory, navigation and cognition",https://doi.org/10.1038/nn.4661,2017-11-01,https://europepmc.org/articles/pmc5943637?pdf=render,../database/content/2766936425/2766936425.pdf
2762695787,Surge in insect resistance to transgenic crops and prospects for sustainability,https://doi.org/10.1038/nbt.3974,2017-10-01,None,
2591990932,Tunable moiré bands and strong correlations in small-twist-angle bilayer graphene,https://doi.org/10.1073/pnas.1620140114,2017-03-14,https://www.pnas.org/content/pnas/114/13/3364.full.pdf,
2761516325,Guidelines for the use of flow cytometry and cell sorting in immunological studies<sup>*</sup>,https://doi.org/10.1002/eji.201646632,2017-10-01,https://onlinelibrary.wiley.com/doi/pdfdirect/10.1002/eji.201646632,
2567025824,"Sleep, Health, and Society",https://doi.org/10.1016/j.jsmc.2016.10.012,2017-03-01,https://europepmc.org/articles/pmc6203594?pdf=render,../database/content/2567025824/2567025824.pdf
3101285323,The 13th Data Release of the Sloan Digital Sky Survey: First Spectroscopic Data from the SDSS-IV Survey Mapping Nearby Galaxies at Apache Point Observatory,https://doi.org/10.3847/1538-4365/aa8992,2017-12-01,https://iopscience.iop.org/article/10.3847/1538-4365/aa8992/pdf,
2591694678,OSIRIS-REx: Sample Return from Asteroid (101955) Bennu,https://doi.org/10.1007/s11214-017-0405-1,2017-08-28,https://arxiv.org/pdf/1702.06981,../database/content/2591694678/2591694678.pdf
2742133220,"Bevacizumab for advanced cervical cancer: final overall survival and adverse event analysis of a randomised, controlled, open-label, phase 3 trial (Gynecologic Oncology Group 240)",https://doi.org/10.1016/s0140-6736(17)31607-0,2017-10-01,https://escholarship.org/content/qt2rq1s1px/qt2rq1s1px.pdf?t=ow44jz,../database/content/2742133220/2742133220.pdf
2754589635,Menopausal Hormone Therapy and Long-term All-Cause and Cause-Specific Mortality,https://doi.org/10.1001/jama.2017.11217,2017-09-12,https://europepmc.org/articles/pmc5728370?pdf=render,../database/content/2754589635/2754589635.pdf
2765825922,Tezacaftor–Ivacaftor in Residual-Function Heterozygotes with Cystic Fibrosis,https://doi.org/10.1056/nejmoa1709847,2017-11-23,https://www.nejm.org/doi/pdf/10.1056/NEJMoa1709847?articleTools=true,
4293769421,Clinical Practice Guideline: Benign Paroxysmal Positional Vertigo (Update),https://doi.org/10.1177/0194599816689667,2017-03-01,https://journals.sagepub.com/doi/pdf/10.1177/0194599816689667,
2613669501,Shear-Wave Elastography: Basic Physics and Musculoskeletal Applications,https://doi.org/10.1148/rg.2017160116,2017-05-01,https://doi.org/10.1148/rg.2017160116,
2598538582,The twenty‐first century Colorado River hot drought and implications for the future,https://doi.org/10.1002/2016wr019638,2017-03-01,https://repository.arizona.edu/bitstream/10150/624032/1/Udall_et_al-2017-Water_Resources_Research.pdf,../database/content/2598538582/2598538582.pdf
3123822488,Pilot CEOs and corporate innovation,https://doi.org/10.1016/j.jfineco.2016.11.002,2017-01-01,None,
2591056115,Gender diversity leads to better science,https://doi.org/10.1073/pnas.1700616114,2017-02-21,https://www.pnas.org/content/pnas/114/8/1740.full.pdf,
2603624303,The Sloan Digital Sky Survey Quasar Catalog: Twelfth data release,https://doi.org/10.1051/0004-6361/201527999,2017-01-01,https://www.aanda.org/articles/aa/pdf/2017/01/aa27999-15.pdf,../database/content/2603624303/2603624303.pdf
2587469802,The hierarchical basis of neurovisceral integration,https://doi.org/10.1016/j.neubiorev.2017.02.003,2017-04-01,None,
2754456190,Pearl millet genome sequence provides a resource to improve agronomic traits in arid environments,https://doi.org/10.1038/nbt.3943,2017-09-18,https://doi.org/10.1038/nbt.3943,
2545457694,Nudges for Privacy and Security,https://doi.org/10.1145/3054926,2017-08-08,https://dl.acm.org/doi/pdf/10.1145/3054926,../database/content/2545457694/2545457694.pdf
2643003590,The increasing rate of global mean sea-level rise during 1993–2014,https://doi.org/10.1038/nclimate3325,2017-06-26,None,
2769675690,Pedotransfer Functions in Earth System Science: Challenges and Perspectives,https://doi.org/10.1002/2017rg000581,2017-12-01,https://agupubs.onlinelibrary.wiley.com/doi/pdfdirect/10.1002/2017RG000581,
2613688510,2017 HRS expert consensus statement on magnetic resonance imaging and radiation exposure in patients with cardiovascular implantable electronic devices,https://doi.org/10.1016/j.hrthm.2017.04.025,2017-07-01,http://www.heartrhythmjournal.com/article/S1547527117304538/pdf,
2578151840,Computing Resource Allocation in Three-Tier IoT Fog Networks: A Joint Optimization Approach Combining Stackelberg Game and Matching,https://doi.org/10.1109/jiot.2017.2688925,2017-10-01,https://doi.org/10.1109/jiot.2017.2688925,
2605899719,A global synthesis of the effects of diversified farming systems on arthropod diversity within fields and across agricultural landscapes,https://doi.org/10.1111/gcb.13714,2017-05-10,https://su.diva-portal.org/smash/get/diva2:1141528/FULLTEXT01,../database/content/2605899719/2605899719.pdf
2588043918,Assessing the Risks Associated with MRI in Patients with a Pacemaker or Defibrillator,https://doi.org/10.1056/nejmoa1603265,2017-02-23,https://www.nejm.org/doi/pdf/10.1056/NEJMoa1603265?articleTools=true,
2587125658,Role of Autophagy and Apoptosis in Non-Small-Cell Lung Cancer,https://doi.org/10.3390/ijms18020367,2017-02-10,https://www.mdpi.com/1422-0067/18/2/367/pdf?version=1487297730,../database/content/2587125658/2587125658.pdf
2506174538,Covert Communication in the Presence of an Uninformed Jammer,https://doi.org/10.1109/twc.2017.2720736,2017-09-01,https://doi.org/10.1109/twc.2017.2720736,
2727856859,Beyond Risk and Protective Factors: An Adaptation-Based Approach to Resilience,https://doi.org/10.1177/1745691617693054,2017-07-01,https://journals.sagepub.com/doi/pdf/10.1177/1745691617693054,
2618747440,Comparing Jupiter interior structure models to <i>Juno</i> gravity measurements and the role of a dilute core,https://doi.org/10.1002/2017gl073160,2017-05-25,https://rss.onlinelibrary.wiley.com/doi/am-pdf/10.1002/2017gl073160,
2587686068,The prevalence of frailty in heart failure: A systematic review and meta-analysis,https://doi.org/10.1016/j.ijcard.2017.01.153,2017-06-01,https://europepmc.org/articles/pmc5392144?pdf=render,../database/content/2587686068/2587686068.pdf
2588958499,Merging paleobiology with conservation biology to guide the future of terrestrial ecosystems,https://doi.org/10.1126/science.aah4787,2017-02-10,https://helda.helsinki.fi/bitstream/10138/308891/1/Barnoskly_et_al_2017_Science.pdf,../database/content/2588958499/2588958499.pdf
2604225847,The Sirius System and Its Astrophysical Puzzles: Hubble Space Telescope and Ground-based Astrometry<sup>∗</sup>,https://doi.org/10.3847/1538-4357/aa6af8,2017-05-08,https://arxiv.org/pdf/1703.10625,../database/content/2604225847/2604225847.pdf
2560603808,Understanding commuting patterns using transit smart card data,https://doi.org/10.1016/j.jtrangeo.2016.12.001,2017-01-01,None,
2607038873,Woody Plant Encroachment: Causes and Consequences,https://doi.org/10.1007/978-3-319-46709-2_2,2017-01-01,https://link.springer.com/content/pdf/10.1007%2F978-3-319-46709-2_2.pdf,../database/content/2607038873/2607038873.pdf
2751705769,The Aging Navigational System,https://doi.org/10.1016/j.neuron.2017.06.037,2017-08-01,http://www.cell.com/article/S0896627317305615/pdf,
2585482648,Interaction rewiring and the rapid turnover of plant–pollinator networks,https://doi.org/10.1111/ele.12740,2017-02-03,https://rss.onlinelibrary.wiley.com/doi/am-pdf/10.1111/ele.12740,
2612591151,"Mineralogy of an ancient lacustrine mudstone succession from the Murray formation, Gale crater, Mars",https://doi.org/10.1016/j.epsl.2017.04.021,2017-08-01,https://doi.org/10.1016/j.epsl.2017.04.021,
2620888648,The optical trapezoid model: A novel approach to remote sensing of soil moisture applied to Sentinel-2 and Landsat-8 observations,https://doi.org/10.1016/j.rse.2017.05.041,2017-09-01,http://manuscript.elsevier.com/S0034425717302493/pdf/S0034425717302493.pdf,
2765948467,ROS Signaling in the Pathogenesis of Acute Lung Injury (ALI) and Acute Respiratory Distress Syndrome (ARDS),https://doi.org/10.1007/978-3-319-63245-2_8,2017-01-01,https://europepmc.org/articles/pmc7120947?pdf=render,
2590458460,Depletion of microglia exacerbates postischemic inflammation and brain injury,https://doi.org/10.1177/0271678x17694185,2017-02-20,https://journals.sagepub.com/doi/pdf/10.1177/0271678X17694185,
2587506066,IgA-coated <i>E. coli</i> enriched in Crohn’s disease spondyloarthritis promote T <sub>H</sub> 17-dependent inflammation,https://doi.org/10.1126/scitranslmed.aaf9655,2017-02-08,https://europepmc.org/articles/pmc6159892?pdf=render,../database/content/2587506066/2587506066.pdf
2564673452,Assessment of safety and efficacy of long-term treatment with combination lumacaftor and ivacaftor therapy in patients with cystic fibrosis homozygous for the F508del-CFTR mutation (PROGRESS): a phase,https://doi.org/10.1016/s2213-2600(16)30427-1,2017-02-01,None,
2513508797,Blood Flow in the Microcirculation,https://doi.org/10.1146/annurev-fluid-010816-060302,2017-01-03,None,
2579481779,Rainfall regimes of the Green Sahara,https://doi.org/10.1126/sciadv.1601503,2017-01-06,https://advances.sciencemag.org/content/advances/3/1/e1601503.full.pdf,
2585257380,Seasonality and predictability shape temporal species diversity,https://doi.org/10.1002/ecy.1761,2017-04-18,https://rss.onlinelibrary.wiley.com/doi/am-pdf/10.1002/ecy.1761,
2620099545,Jupiter’s interior and deep atmosphere: The initial pole-to-pole passes with the Juno spacecraft,https://doi.org/10.1126/science.aal2108,2017-05-26,https://science.sciencemag.org/content/sci/356/6340/821.full.pdf,
2751943544,The <scp>bien r</scp> package: A tool to access the Botanical Information and Ecology Network (BIEN) database,https://doi.org/10.1111/2041-210x.12861,2017-09-06,https://rss.onlinelibrary.wiley.com/doi/am-pdf/10.1111/2041-210x.12861,
2622889376,Continued decline in blood collection and transfusion in the <scp>U</scp>nited <scp>S</scp>tates–2015,https://doi.org/10.1111/trf.14165,2017-06-01,https://onlinelibrary.wiley.com/doi/pdfdirect/10.1111/trf.14165,
2763201488,Physical Properties of 15 Quasars at z ≳ 6.5,https://doi.org/10.3847/1538-4357/aa9185,2017-11-06,https://iopscience.iop.org/article/10.3847/1538-4357/aa9185/pdf,
2604724397,The dispersal of planet-forming discs: theory confronts observations,https://doi.org/10.1098/rsos.170114,2017-04-01,https://doi.org/10.1098/rsos.170114,
2748591825,Inordinate Fondness Multiplied and Redistributed: the Number of Species on Earth and the New Pie of Life,https://doi.org/10.1086/693564,2017-09-01,None,
2744129140,Frontal asymmetry as a mediator and moderator of emotion: An updated review,https://doi.org/10.1111/psyp.12965,2017-08-04,None,
2115311464,The Juno Mission,https://doi.org/10.1007/s11214-017-0429-6,2017-11-01,None,
2552795086,"Features of the bronchial bacterial microbiome associated with atopy, asthma, and responsiveness to inhaled corticosteroid treatment",https://doi.org/10.1016/j.jaci.2016.08.055,2017-07-01,http://www.jacionline.org/article/S0091674916312830/pdf,
2564783191,G-quadruplex oligonucleotide AS1411 as a cancer-targeting agent: Uses and mechanisms,https://doi.org/10.1016/j.bbagen.2016.12.015,2017-05-01,http://manuscript.elsevier.com/S0304416516305098/pdf/S0304416516305098.pdf,
2746367132,Promising efficacy and acceptable safety of venetoclax plus bortezomib and dexamethasone in relapsed/refractory MM,https://doi.org/10.1182/blood-2017-06-788323,2017-11-30,https://ashpublications.org/blood/article-pdf/130/22/2392/1403811/blood788323.pdf,../database/content/2746367132/2746367132.pdf
2768046673,"Effects of pH on cell growth, lipid production and CO2 addition of microalgae Chlorella sorokiniana",https://doi.org/10.1016/j.algal.2017.11.004,2017-12-01,http://manuscript.elsevier.com/S2211926417305684/pdf/S2211926417305684.pdf,
2607843717,"Orange, red, yellow: biosynthesis of azaphilone pigments in Monascus fungi",https://doi.org/10.1039/c7sc00475c,2017-01-01,https://pubs.rsc.org/en/content/articlepdf/2017/sc/c7sc00475c,../database/content/2607843717/2607843717.pdf
2772249248,Foundations of translational ecology,https://doi.org/10.1002/fee.1733,2017-12-01,https://rss.onlinelibrary.wiley.com/doi/am-pdf/10.1002/fee.1733,
2653632515,"Doxorubicin plus evofosfamide versus doxorubicin alone in locally advanced, unresectable or metastatic soft-tissue sarcoma (TH CR-406/SARC021): an international, multicentre, open-label, randomised ph",https://doi.org/10.1016/s1470-2045(17)30381-9,2017-08-01,https://www.ncbi.nlm.nih.gov/pmc/articles/PMC7771354,
2575539723,Delirium in Critically Ill Children: An International Point Prevalence Study*,https://doi.org/10.1097/ccm.0000000000002250,2017-04-01,https://europepmc.org/articles/pmc5350030?pdf=render,../database/content/2575539723/2575539723.pdf
2528014653,Expanding the role of reactive transport models in critical zone processes,https://doi.org/10.1016/j.earscirev.2016.09.001,2017-02-01,https://www.sciencedirect.com/science/article/am/pii/S001282521630280X,
2568050301,"The Strange Case of CDK4/6 Inhibitors: Mechanisms, Resistance, and Combination Strategies",https://doi.org/10.1016/j.trecan.2016.11.006,2017-01-01,https://europepmc.org/articles/pmc5347397?pdf=render,../database/content/2568050301/2568050301.pdf
2588642117,Capulavirus and Grablovirus: two new genera in the family Geminiviridae,https://doi.org/10.1007/s00705-017-3268-6,2017-02-17,https://link.springer.com/content/pdf/10.1007%2Fs00705-017-3268-6.pdf,../database/content/2588642117/2588642117.pdf
2770113020,Association of sputum and blood eosinophil concentrations with clinical measures of COPD severity: an analysis of the SPIROMICS cohort,https://doi.org/10.1016/s2213-2600(17)30432-0,2017-12-01,https://cdr.lib.unc.edu/downloads/b5644z35f,../database/content/2770113020/2770113020.pdf
2744561951,Clinical applications of chemical exchange saturation transfer (CEST) MRI,https://doi.org/10.1002/jmri.25838,2017-08-09,https://onlinelibrary.wiley.com/doi/pdfdirect/10.1002/jmri.25838,
2740853133,Target Selection for the SDSS-IV APOGEE-2 Survey,https://doi.org/10.3847/1538-3881/aa8df9,2017-10-25,https://iopscience.iop.org/article/10.3847/1538-3881/aa8df9/pdf,
2768222400,Biodiversity and climate determine the functioning of Neotropical forests,https://doi.org/10.1111/geb.12668,2017-11-16,https://onlinelibrary.wiley.com/doi/pdfdirect/10.1111/geb.12668,
2609768702,Every minute counts,https://doi.org/10.1097/ta.0000000000001531,2017-07-01,https://europepmc.org/articles/pmc5526458?pdf=render,../database/content/2609768702/2609768702.pdf
2583369661,Event study methodology in the marketing literature: an overview,https://doi.org/10.1007/s11747-017-0516-y,2017-02-01,None,
2559103080,"Human exposure to dietary inorganic arsenic and other arsenic species: State of knowledge, gaps and uncertainties",https://doi.org/10.1016/j.scitotenv.2016.11.108,2017-02-01,https://europepmc.org/articles/pmc5207036?pdf=render,../database/content/2559103080/2559103080.pdf
2773869371,Shear-induced Notch-Cx37-p27 axis arrests endothelial cell cycle to enable arterial specification,https://doi.org/10.1038/s41467-017-01742-7,2017-12-15,https://www.nature.com/articles/s41467-017-01742-7.pdf,../database/content/2773869371/2773869371.pdf
3124751568,Market Mechanisms in Online Peer-to-Peer Lending,https://doi.org/10.1287/mnsc.2016.2531,2017-12-01,None,
2610988715,Molecular Mechanisms Underlying Cardiac Adaptation to Exercise,https://doi.org/10.1016/j.cmet.2017.04.025,2017-05-01,http://www.cell.com/article/S1550413117302310/pdf,
2588393062,Review of recent progress on single-frequency fiber lasers,https://doi.org/10.1364/josab.34.000a49,2017-02-15,None,
2586485670,"Environmental Growth Conditions of Trichoderma spp. Affects Indole Acetic Acid Derivatives, Volatile Organic Compounds, and Plant Growth Promotion",https://doi.org/10.3389/fpls.2017.00102,2017-02-09,https://www.frontiersin.org/articles/10.3389/fpls.2017.00102/pdf,../database/content/2586485670/2586485670.pdf
2600883436,Mars’ atmospheric history derived from upper-atmosphere measurements of <sup>38</sup> Ar/ <sup>36</sup> Ar,https://doi.org/10.1126/science.aai7721,2017-03-31,https://science.sciencemag.org/content/sci/355/6332/1408.full.pdf,
2626424052,Overview of the Muscle Cytoskeleton,https://doi.org/10.1002/cphy.c160033,2017-06-18,https://europepmc.org/articles/pmc5890934?pdf=render,../database/content/2626424052/2626424052.pdf
2742650136,New approaches for delineating <i>n</i> ‐dimensional hypervolumes,https://doi.org/10.1111/2041-210x.12865,2017-09-25,https://rss.onlinelibrary.wiley.com/doi/am-pdf/10.1111/2041-210x.12865,
2555217102,"Assessing and conceptualizing frontal EEG asymmetry: An updated primer on recording, processing, analyzing, and interpreting frontal alpha asymmetry",https://doi.org/10.1016/j.ijpsycho.2016.11.005,2017-01-01,https://europepmc.org/articles/pmc6449497?pdf=render,../database/content/2555217102/2555217102.pdf
2586578362,Biodiversity and Topographic Complexity: Modern and Geohistorical Perspectives,https://doi.org/10.1016/j.tree.2016.12.010,2017-03-01,https://europepmc.org/articles/pmc5895180?pdf=render,../database/content/2586578362/2586578362.pdf
2742011265,Patient care standards for primary mitochondrial disease: a consensus statement from the Mitochondrial Medicine Society,https://doi.org/10.1038/gim.2017.107,2017-12-01,https://www.nature.com/articles/gim2017107.pdf,../database/content/2742011265/2742011265.pdf
2593997731,Kinome-Wide RNA Interference Screen Reveals a Role for PDK1 in Acquired Resistance to CDK4/6 Inhibition in ER-Positive Breast Cancer,https://doi.org/10.1158/0008-5472.can-16-2653,2017-04-30,https://cancerres.aacrjournals.org/content/canres/77/9/2488.full.pdf,
2604865985,The Electronically Activated Recorder (EAR),https://doi.org/10.1177/0963721416680611,2017-04-01,https://repository.arizona.edu/bitstream/10150/623432/1/EAR%20CDPS%20in%20press.pdf,../database/content/2604865985/2604865985.pdf
2621240220,Lymphocyte Nadir and Esophageal Cancer Survival Outcomes After Chemoradiation Therapy,https://doi.org/10.1016/j.ijrobp.2017.05.037,2017-09-01,None,
2579739919,Weighted recalibration of the Rosetta pedotransfer model with improved estimates of hydraulic parameter distributions and summary statistics (Rosetta3),https://doi.org/10.1016/j.jhydrol.2017.01.004,2017-04-01,https://www.sciencedirect.com/science/article/am/pii/S0022169417300057,
3102136762,Ultra-strong nonlinear optical processes and trigonal warping in MoS2 layers,https://doi.org/10.1038/s41467-017-00749-4,2017-10-12,https://www.nature.com/articles/s41467-017-00749-4.pdf,../database/content/3102136762/3102136762.pdf
2761242880,Quantitative microglia analyses reveal diverse morphologic responses in the rat cortex after diffuse brain injury,https://doi.org/10.1038/s41598-017-13581-z,2017-10-16,https://www.nature.com/articles/s41598-017-13581-z.pdf,../database/content/2761242880/2761242880.pdf
2751377372,Sex differences in Alzheimer risk,https://doi.org/10.1212/wnl.0000000000004425,2017-09-26,https://europepmc.org/articles/pmc5652968?pdf=render,../database/content/2751377372/2751377372.pdf
3122910304,Is the US Public Corporation in Trouble?,https://doi.org/10.1257/jep.31.3.67,2017-08-01,https://www.aeaweb.org/articles/pdf/doi/10.1257/jep.31.3.67,
2774894185,Galaxy growth in a massive halo in the first billion years of cosmic history,https://doi.org/10.1038/nature24629,2017-12-06,https://hal.science/hal-01789168/document,../database/content/2774894185/2774894185.pdf
2518799113,Why equity is fundamental in climate change policy research,https://doi.org/10.1016/j.gloenvcha.2016.08.002,2017-05-01,https://escholarship.org/content/qt8hv9424q/qt8hv9424q.pdf?t=ry3iuf,../database/content/2518799113/2518799113.pdf
2763982073,QoE and power efficiency tradeoff for fog computing networks with fog node cooperation,https://doi.org/10.1109/infocom.2017.8057196,2017-05-01,None,
2774019602,Biomarkers for severe eosinophilic asthma,https://doi.org/10.1016/j.jaci.2017.10.005,2017-12-01,http://www.jacionline.org/article/S0091674917316512/pdf,
2747828786,Monarch butterfly population decline in North America: identifying the threatening processes,https://doi.org/10.1098/rsos.170760,2017-09-01,https://doi.org/10.1098/rsos.170760,
2593119130,"Last millennium Northern Hemisphere summer temperatures from tree rings: Part II, spatially resolved reconstructions",https://doi.org/10.1016/j.quascirev.2017.02.020,2017-05-01,https://www.sciencedirect.com/science/article/am/pii/S0277379117301592,
2768287128,"Investigation of microrubbers, microplastics and heavy metals in street dust: a study in Bushehr city, Iran",https://doi.org/10.1007/s12665-017-7137-0,2017-11-27,None,
3098069588,The SAGA Survey. I. Satellite Galaxy Populations around Eight Milky Way Analogs,https://doi.org/10.3847/1538-4357/aa8626,2017-09-14,https://iopscience.iop.org/article/10.3847/1538-4357/aa8626/pdf,
2619839156,Intrinsically disordered RGG/RG domains mediate degenerate specificity in RNA binding,https://doi.org/10.1093/nar/gkx460,2017-05-27,https://academic.oup.com/nar/article-pdf/45/13/7984/22894465/gkx460.pdf,../database/content/2619839156/2619839156.pdf
2769866456,A 100-Year Review: Stress physiology including heat stress,https://doi.org/10.3168/jds.2017-13676,2017-12-01,http://www.journalofdairyscience.org/article/S0022030217310330/pdf,../database/content/2769866456/2769866456.pdf
3122893524,The Sloan Digital Sky Survey Reverberation Mapping Project: Hα and Hβ Reverberation Measurements from First-year Spectroscopy and Photometry,https://doi.org/10.3847/1538-4357/aa98dc,2017-12-07,https://iopscience.iop.org/article/10.3847/1538-4357/aa98dc/pdf,
2552979527,Transient pulse test and morphological analysis of single rock fractures,https://doi.org/10.1016/j.ijrmms.2016.11.016,2017-01-01,None,
2616645738,Multiple Disk Gaps and Rings Generated by a Single Super-Earth,https://doi.org/10.3847/1538-4357/aa72f2,2017-07-10,https://iopscience.iop.org/article/10.3847/1538-4357/aa72f2/pdf,
3101474566,Fog-Aided Wireless Networks for Content Delivery: Fundamental Latency Tradeoffs,https://doi.org/10.1109/tit.2017.2735962,2017-10-01,https://doi.org/10.1109/tit.2017.2735962,
2587884995,Should we consider individual behavior differences in applied wildlife conservation studies?,https://doi.org/10.1016/j.biocon.2017.01.021,2017-05-01,None,
2606551971,<scp>CO</scp> <sub>2</sub> exchange and evapotranspiration across dryland ecosystems of southwestern North America,https://doi.org/10.1111/gcb.13686,2017-04-19,https://rss.onlinelibrary.wiley.com/doi/am-pdf/10.1111/gcb.13686,
2613770059,Fluid-rock interaction is decisive for the formation of tungsten deposits,https://doi.org/10.1130/g38974.1,2017-05-08,https://www.research-collection.ethz.ch/bitstream/20.500.11850/192362/2/LecumberriSanchezEtAl_GEOLOGY2017_GOA.pdf,../database/content/2613770059/2613770059.pdf
2624883340,Smartphone Internet access and use: Extending the digital divide and usage gap,https://doi.org/10.1177/2050157917708329,2017-06-13,None,
3099705771,<i>SPITZER</i>PHASE CURVE CONSTRAINTS FOR WASP-43b AT 3.6 AND 4.5<i>μ</i>m,https://doi.org/10.3847/1538-3881/153/2/68,2017-01-12,https://iopscience.iop.org/article/10.3847/1538-3881/153/2/68/pdf,
2491525193,Bacterial microbiota of the upper respiratory tract and childhood asthma,https://doi.org/10.1016/j.jaci.2016.05.050,2017-03-01,http://www.jacionline.org/article/S0091674916307102/pdf,
2581741828,Accelerating net terrestrial carbon uptake during the warming hiatus due to reduced respiration,https://doi.org/10.1038/nclimate3204,2017-01-23,None,
2617618200,Wild tobacco genomes reveal the evolution of nicotine biosynthesis,https://doi.org/10.1073/pnas.1700073114,2017-05-23,https://www.pnas.org/content/pnas/114/23/6133.full.pdf,
2618808078,Rapidly star-forming galaxies adjacent to quasars at redshifts exceeding 6,https://doi.org/10.1038/nature22358,2017-05-01,https://arxiv.org/pdf/1705.08662,../database/content/2618808078/2618808078.pdf
2766668723,Future cancer research priorities in the USA: a Lancet Oncology Commission,https://doi.org/10.1016/s1470-2045(17)30698-8,2017-11-01,https://europepmc.org/articles/pmc6178838?pdf=render,../database/content/2766668723/2766668723.pdf
2769259388,Risk Stratification in Arrhythmogenic Right Ventricular Cardiomyopathy,https://doi.org/10.1161/circulationaha.117.030792,2017-11-21,https://www.ahajournals.org/doi/pdf/10.1161/CIRCULATIONAHA.117.030792,
3106272607,The Complete Transmission Spectrum of WASP-39b with a Precise Water Constraint,https://doi.org/10.3847/1538-3881/aa9e4e,2017-12-21,https://iopscience.iop.org/article/10.3847/1538-3881/aa9e4e/pdf,
2766729634,Final analysis of a randomised trial comparing pembrolizumab versus investigator-choice chemotherapy for ipilimumab-refractory advanced melanoma,https://doi.org/10.1016/j.ejca.2017.07.022,2017-11-01,None,
2770122864,A 100-Year Review: Regulation of nutrient partitioning to support lactation,https://doi.org/10.3168/jds.2017-13242,2017-12-01,http://www.journalofdairyscience.org/article/S0022030217310342/pdf,../database/content/2770122864/2770122864.pdf
2524447662,Shifts in the Fecal Microbiota Associated with Adenomatous Polyps,https://doi.org/10.1158/1055-9965.epi-16-0337,2017-01-01,https://cebp.aacrjournals.org/content/cebp/26/1/85.full.pdf,
2536252402,Developing Evaluation Indicators to Improve the Process of Coproducing Usable Climate Science,https://doi.org/10.1175/wcas-d-16-0008.1,2017-01-01,https://repository.arizona.edu/bitstream/10150/623111/1/wcas-d-16-0008.1.pdf,../database/content/2536252402/2536252402.pdf
2585923386,Race-dependent association of sulfidogenic bacteria with colorectal cancer,https://doi.org/10.1136/gutjnl-2016-313321,2017-02-02,https://europepmc.org/articles/pmc5575988?pdf=render,../database/content/2585923386/2585923386.pdf
2608157918,Young genes are highly disordered as predicted by the preadaptation hypothesis of de novo gene birth,https://doi.org/10.1038/s41559-017-0146,2017-04-24,https://repository.arizona.edu/bitstream/10150/627822/1/final_ISD_preprint.pdf,../database/content/2608157918/2608157918.pdf
3023001449,Auditing black-box models for indirect influence,https://doi.org/10.1007/s10115-017-1116-3,2017-10-25,https://arxiv.org/pdf/1602.07043,../database/content/3023001449/3023001449.pdf
2599857500,"Stratification of Pancreatic Ductal Adenocarcinoma: Combinatorial Genetic, Stromal, and Immunologic Markers",https://doi.org/10.1158/1078-0432.ccr-17-0162,2017-08-01,https://clincancerres.aacrjournals.org/content/clincanres/23/15/4429.full.pdf,
2618549481,Significant Impacts of Increasing Aridity on the Arid Soil Microbiome,https://doi.org/10.1128/msystems.00195-16,2017-06-27,https://msystems.asm.org/content/msys/2/3/e00195-16.full.pdf,
2624144577,"Adaptive Capacity: An Evolutionary Neuroscience Model Linking Exercise, Cognition, and Brain Health",https://doi.org/10.1016/j.tins.2017.05.001,2017-07-01,http://manuscript.elsevier.com/S0166223617300899/pdf/S0166223617300899.pdf,
2588146368,Evidence for benefit of statins to modify cognitive decline and risk in Alzheimer’s disease,https://doi.org/10.1186/s13195-017-0237-y,2017-02-17,https://alzres.biomedcentral.com/track/pdf/10.1186/s13195-017-0237-y,../database/content/2588146368/2588146368.pdf
2621220151,Insight into the Complexity of the i-Motif and G-Quadruplex DNA Structures Formed in the <i>KRAS</i> Promoter and Subsequent Drug-Induced Gene Repression,https://doi.org/10.1021/jacs.7b02046,2017-06-15,https://europepmc.org/articles/pmc5978000?pdf=render,../database/content/2621220151/2621220151.pdf
2734627099,Large meta-analysis of genome-wide association studies identifies five loci for lean body mass,https://doi.org/10.1038/s41467-017-00031-7,2017-07-19,https://www.nature.com/articles/s41467-017-00031-7.pdf,../database/content/2734627099/2734627099.pdf
2963778357,The capacity of cache aided private information retrieval,https://doi.org/10.1109/allerton.2017.8262857,2017-10-01,https://arxiv.org/pdf/1706.07035,../database/content/2963778357/2963778357.pdf
2727870807,Hydraulic backwashing for low-pressure membranes in drinking water treatment: A review,https://doi.org/10.1016/j.memsci.2017.06.077,2017-10-01,https://www.sciencedirect.com/science/article/am/pii/S0376738816319937,
2565815646,Sex and Race Differences in the Association Between Statin Use and the Incidence of Alzheimer Disease,https://doi.org/10.1001/jamaneurol.2016.3783,2017-02-01,https://jamanetwork.com/journals/jamaneurology/articlepdf/2591317/jamaneurology_zissimopoulos_2016_oi_160080.pdf,
2597009931,Brain Ischemia Suppresses Immunity in the Periphery and Brain via Different Neurogenic Innervations,https://doi.org/10.1016/j.immuni.2017.02.015,2017-03-01,http://www.cell.com/article/S1074761317300778/pdf,
2615501608,"Multiple stages of aqueous alteration along fractures in mudstone and sandstone strata in Gale Crater, Mars",https://doi.org/10.1016/j.epsl.2017.04.033,2017-08-01,https://doi.org/10.1016/j.epsl.2017.04.033,
2951193387,Rotating stars in relativity,https://doi.org/10.1007/s41114-017-0008-x,2017-11-29,https://doi.org/10.1007/s41114-017-0008-x,
2519924701,Scaled distribution mapping: a bias correction method that preserves raw climate model projected changes,https://doi.org/10.5194/hess-21-2649-2017,2017-06-06,https://www.hydrol-earth-syst-sci.net/21/2649/2017/hess-21-2649-2017.pdf,../database/content/2519924701/2519924701.pdf
2622605872,Ultraviolet spectra of extreme nearby star-forming regions – approaching a local reference sample for JWST,https://doi.org/10.1093/mnras/stx2059,2017-08-16,https://academic.oup.com/mnras/article-pdf/472/3/2608/20046825/stx2059.pdf,../database/content/2622605872/2622605872.pdf
2653938649,Cell size and wall dimensions drive distinct variability of earlywood and latewood density in Northern Hemisphere conifers,https://doi.org/10.1111/nph.14639,2017-06-21,https://nph.onlinelibrary.wiley.com/doi/pdfdirect/10.1111/nph.14639,
2579769336,The rice paradox: Multiple origins but single domestication in Asian rice,https://doi.org/10.1093/molbev/msx049,2017-01-12,https://academic.oup.com/mbe/article-pdf/34/4/969/11037674/msx049.pdf,../database/content/2579769336/2579769336.pdf
2594748282,Reviews and syntheses: on the roles trees play in building and plumbing the critical zone,https://doi.org/10.5194/bg-14-5115-2017,2017-11-17,https://bg.copernicus.org/articles/14/5115/2017/bg-14-5115-2017.pdf,../database/content/2594748282/2594748282.pdf
2597208441,SynMap2 and SynMap3D: web-based whole-genome synteny browsers,https://doi.org/10.1093/bioinformatics/btx144,2017-03-16,https://academic.oup.com/bioinformatics/article-pdf/33/14/2197/25156825/btx144.pdf,../database/content/2597208441/2597208441.pdf
2768065848,Segmented Filamentous Bacteria Provoke Lung Autoimmunity by Inducing Gut-Lung Axis Th17 Cells Expressing Dual TCRs,https://doi.org/10.1016/j.chom.2017.10.007,2017-11-01,http://www.cell.com/article/S1931312817304420/pdf,
2258807192,Ejection of the Massive Hydrogen-rich Envelope Timed with the Collapse of the Stripped SN 2014C,https://doi.org/10.3847/1538-4357/835/2/140,2017-01-24,https://iopscience.iop.org/article/10.3847/1538-4357/835/2/140/pdf,
2614123838,"The bidirectional gut-brain-microbiota axis as a potential nexus between traumatic brain injury, inflammation, and disease",https://doi.org/10.1016/j.bbi.2017.05.009,2017-11-01,https://repository.arizona.edu/bitstream/10150/626124/1/TBI_GBMAx_published%20manuscript.pdf,../database/content/2614123838/2614123838.pdf
2623929489,Viral Aggregation: Impact on Virus Behavior in the Environment,https://doi.org/10.1021/acs.est.6b05835,2017-06-21,None,
2766765394,Randomized comparison of the clinical outcome of single versus multiple arterial grafts: the ROMA trial—rationale and study protocol†,https://doi.org/10.1093/ejcts/ezx358,2017-10-20,https://academic.oup.com/ejcts/article-pdf/52/6/1031/21842644/ezx358.pdf,../database/content/2766765394/2766765394.pdf
2586740126,Interspecific integration of trait dimensions at local scales: the plant phenotype as an integrated network,https://doi.org/10.1111/1365-2745.12755,2017-03-27,https://besjournals.onlinelibrary.wiley.com/doi/pdfdirect/10.1111/1365-2745.12755,
2593911614,Tectonic Evolution of the Central Andean Plateau and Implications for the Growth of Plateaus,https://doi.org/10.1146/annurev-earth-063016-020612,2017-08-30,https://www.annualreviews.org/doi/pdf/10.1146/annurev-earth-063016-020612,
2606911785,Hepatic lipid accumulation: cause and consequence of dysregulated glucoregulatory hormones,https://doi.org/10.1530/joe-16-0513,2017-07-01,https://joe.bioscientifica.com/downloadpdf/journals/joe/234/1/R1.pdf,../database/content/2606911785/2606911785.pdf
2610200696,Eagle syndrome: A comprehensive review,https://doi.org/10.1016/j.clineuro.2017.04.021,2017-08-01,https://pure.rug.nl/ws/files/48755662/1_s2.0_S0303846717301178_main_1_.pdf,../database/content/2610200696/2610200696.pdf
2531175724,The Atacama Cosmology Telescope: two-season ACTPol spectra and parameters,https://doi.org/10.1088/1475-7516/2017/06/031,2017-06-15,https://arxiv.org/pdf/1610.02360,../database/content/2531175724/2531175724.pdf
2613915341,A single-nucleotide polymorphism causes smaller grain size and loss of seed shattering during African rice domestication,https://doi.org/10.1038/nplants.2017.64,2017-05-08,None,
2771755426,Direct and indirect climate controls predict heterogeneous early-mid 21st century wildfire burned area across western and boreal North America,https://doi.org/10.1371/journal.pone.0188486,2017-12-15,https://journals.plos.org/plosone/article/file?id=10.1371/journal.pone.0188486&type=printable,../database/content/2771755426/2771755426.pdf
3125026012,Employee quality and financial reporting outcomes,https://doi.org/10.1016/j.jacceco.2017.06.003,2017-08-01,None,
2586418003,Automatic method for estimation of in situ effective contact angle from X-ray micro tomography images of two-phase flow in porous media,https://doi.org/10.1016/j.jcis.2017.02.005,2017-06-01,https://doi.org/10.1016/j.jcis.2017.02.005,
2588011371,Activation performance and mechanism of a novel heterogeneous persulfate catalyst: metal–organic framework MIL-53(Fe) with Fe<sup>II</sup>/Fe<sup>III</sup> mixed-valence coordinatively unsaturated iro,https://doi.org/10.1039/c6cy02355j,2017-01-01,https://europepmc.org/articles/pmc5665402?pdf=render,../database/content/2588011371/2588011371.pdf
2951335216,ACCESS I. AN OPTICAL TRANSMISSION SPECTRUM OF GJ 1214b REVEALS A HETEROGENEOUS STELLAR PHOTOSPHERE,https://doi.org/10.3847/1538-4357/aa4f6c,2017-01-10,https://iopscience.iop.org/article/10.3847/1538-4357/aa4f6c/pdf,
2560311344,Mortality and Prehospital Blood Pressure in Patients With Major Traumatic Brain Injury,https://doi.org/10.1001/jamasurg.2016.4686,2017-04-01,https://europepmc.org/articles/pmc5637731?pdf=render,../database/content/2560311344/2560311344.pdf
2560921984,The genetic basis of cerebral palsy,https://doi.org/10.1111/dmcn.13363,2017-01-01,https://onlinelibrary.wiley.com/doi/pdfdirect/10.1111/dmcn.13363,
2778181590,The Banff Working Group Classification of Definitive Polyomavirus Nephropathy: Morphologic Definitions and Clinical Correlations,https://doi.org/10.1681/asn.2017050477,2017-12-26,https://jasn.asnjournals.org/content/jnephrol/29/2/680.full.pdf,
2605840182,Helping others or helping oneself? An episodic examination of the behavioral consequences of helping at work,https://doi.org/10.1111/peps.12229,2017-06-06,https://onlinelibrary.wiley.com/doi/pdfdirect/10.1111/peps.12229,
2624390524,The Importance of Confined Sulfur Nanodomains and Adjoining Electron Conductive Pathways in Subreaction Regimes of Li‐S Batteries,https://doi.org/10.1002/aenm.201700074,2017-06-08,None,
2365910325,Use of fluorescence EEM to monitor the removal of emerging contaminants in full scale wastewater treatment plants,https://doi.org/10.1016/j.jhazmat.2016.05.035,2017-02-01,None,
2562452316,Changes in the Professional Lives of Cardiologists Over 2 Decades,https://doi.org/10.1016/j.jacc.2016.11.027,2017-01-01,None,
2576534588,"Reward, motivation, and emotion of pain and its relief",https://doi.org/10.1097/j.pain.0000000000000798,2017-01-12,https://europepmc.org/articles/pmc5350036?pdf=render,../database/content/2576534588/2576534588.pdf
2613482333,Evidence for Universality in the Initial Planetesimal Mass Function,https://doi.org/10.3847/2041-8213/aa8c79,2017-09-25,https://iopscience.iop.org/article/10.3847/2041-8213/aa8c79/pdf,
2732077296,Restoring monarch butterfly habitat in the Midwestern US: ‘all hands on deck’,https://doi.org/10.1088/1748-9326/aa7637,2017-06-28,https://iopscience.iop.org/article/10.1088/1748-9326/aa7637/pdf,
2765876992,Endothelial HIF-2α Contributes to Severe Pulmonary Hypertension by Inducing Endothelial-to-Mesenchymal Transition,https://doi.org/10.1152/ajplung.00096.2017,2017-10-26,https://journals.physiology.org/doi/pdf/10.1152/ajplung.00096.2017,
3099567111,An Observational Upper Limit on the Interstellar Number Density of Asteroids and Comets,https://doi.org/10.3847/1538-3881/aa5c8a,2017-02-27,https://iopscience.iop.org/article/10.3847/1538-3881/aa5c8a/pdf,
3125004209,"Staggered boards and long-term firm value, revisited",https://doi.org/10.1016/j.jfineco.2017.08.003,2017-11-01,http://publications.ut-capitole.fr/24016/1/staggered_boards.pdf,../database/content/3125004209/3125004209.pdf
2560058279,Governing the transition to renewable energy: A review of impacts and policy issues in the small hydropower boom,https://doi.org/10.1016/j.enpol.2016.11.035,2017-02-01,None,
2564671736,Dual-Mode Substrate Integrated Waveguide Filter With Flexible Response,https://doi.org/10.1109/tmtt.2016.2633346,2017-03-01,None,
2584361279,Tissue reservoirs of antiviral T cell immunity in persistent human CMV infection,https://doi.org/10.1084/jem.20160758,2017-01-27,https://rupress.org/jem/article-pdf/214/3/651/1166091/jem_20160758.pdf,../database/content/2584361279/2584361279.pdf
2619513526,Recent enhancement of central Pacific El Niño variability relative to last eight centuries,https://doi.org/10.1038/ncomms15386,2017-05-30,https://www.nature.com/articles/ncomms15386.pdf,../database/content/2619513526/2619513526.pdf
2560029175,Lead and cadmium contamination and exposure risk assessment via consumption of vegetables grown in agricultural soils of five-selected regions of Pakistan,https://doi.org/10.1016/j.chemosphere.2016.11.152,2017-02-01,https://europepmc.org/articles/pmc5322861?pdf=render,../database/content/2560029175/2560029175.pdf
2605373151,Perceptions of Uncivil Discourse Online: An Examination of Types and Predictors,https://doi.org/10.1177/0093650217699933,2017-04-03,https://journals.sagepub.com/doi/pdf/10.1177/0093650217699933,
2623867891,Rapid visualization of grain boundaries in monolayer MoS2 by multiphoton microscopy,https://doi.org/10.1038/ncomms15714,2017-06-05,https://www.nature.com/articles/ncomms15714.pdf,../database/content/2623867891/2623867891.pdf
2738106105,Sleep characteristics and risk of dementia and Alzheimers disease: The Atherosclerosis Risk in Communities Study,https://doi.org/10.1016/j.jalz.2017.06.2269,2017-07-21,http://www.alzheimersanddementia.com/article/S1552526017325220/pdf,
2607453530,Skin Conductance Responses and Neural Activations During Fear Conditioning and Extinction Recall Across Anxiety Disorders,https://doi.org/10.1001/jamapsychiatry.2017.0329,2017-06-01,https://jamanetwork.com/journals/jamapsychiatry/articlepdf/2618128/jamapsychiatry_marin_2017_oi_170012.pdf,
2748294035,Pediatric Integrative Medicine,https://doi.org/10.1542/peds.2017-1961,2017-08-28,https://pediatrics.aappublications.org/content/pediatrics/140/3/e20171961.full.pdf,../database/content/2748294035/2748294035.pdf
2762492239,A climatic context for the out-of-Africa migration,https://doi.org/10.1130/g39457.1,2017-10-02,https://pubs.geoscienceworld.org/gsa/geology/article-pdf/45/11/1023/3948861/1023.pdf,../database/content/2762492239/2762492239.pdf
2611423963,The Catalina Surveys Southern periodic variable star catalogue,https://doi.org/10.1093/mnras/stx1085,2017-05-06,https://academic.oup.com/mnras/article-pdf/469/3/3688/18211203/stx1085.pdf,../database/content/2611423963/2611423963.pdf
2611963956,Characterizing 51 Eri b from 1 to 5 μm: A Partly Cloudy Exoplanet,https://doi.org/10.3847/1538-3881/aa74db,2017-06-16,https://iopscience.iop.org/article/10.3847/1538-3881/aa74db/pdf,
2626026142,Searching for exoplanets using artificial intelligence,https://doi.org/10.1093/mnras/stx2761,2017-10-25,https://arxiv.org/pdf/1706.04319,../database/content/2626026142/2626026142.pdf
2735891807,Human Monocyte Subsets Are Transcriptionally and Functionally Altered in Aging in Response to Pattern Recognition Receptor Agonists,https://doi.org/10.4049/jimmunol.1700148,2017-08-15,https://www.jimmunol.org/content/jimmunol/199/4/1405.full.pdf,
2749187798,Mediterranean Diet and Prevention of Chronic Diseases,https://doi.org/10.1097/nt.0000000000000228,2017-09-01,https://europepmc.org/articles/pmc5625964?pdf=render,../database/content/2749187798/2749187798.pdf
2768853365,Transcriptome-wide characterization of human cytomegalovirus in natural infection and experimental latency,https://doi.org/10.1073/pnas.1710522114,2017-11-20,https://www.pnas.org/content/pnas/114/49/E10586.full.pdf,
2591744926,The use of polymers in Li‐S batteries: A review,https://doi.org/10.1002/pola.28551,2017-03-11,https://rss.onlinelibrary.wiley.com/doi/am-pdf/10.1002/pola.28551,
2605237862,"Youth, activism, and social movements",https://doi.org/10.1111/soc4.12465,2017-04-01,None,
2727978886,Effectiveness and Safety of Non–vitamin K Antagonist Oral Anticoagulants for Atrial Fibrillation and Venous Thromboembolism: A Systematic Review and Meta-analyses,https://doi.org/10.1016/j.clinthera.2017.05.358,2017-07-01,None,
2772717680,Blazar spectral variability as explained by a twisted inhomogeneous jet,https://doi.org/10.1038/nature24623,2017-12-01,https://arxiv.org/pdf/1712.02098,../database/content/2772717680/2772717680.pdf
2602058249,"ABM Clinical Protocol #3: Supplementary Feedings in the Healthy Term Breastfed Neonate, Revised 2017",https://doi.org/10.1089/bfm.2017.29038.ajk,2017-05-01,https://repository.arizona.edu/bitstream/10150/626017/1/Harrel_ABM_Clinical_Protocol.pdf,../database/content/2602058249/2602058249.pdf
2526007051,The Effect of Combined Out-of-Hospital Hypotension and Hypoxia on Mortality in Major Traumatic Brain Injury,https://doi.org/10.1016/j.annemergmed.2016.08.007,2017-01-01,http://www.annemergmed.com/article/S0196064416304656/pdf,
2591503454,"Physical Activity: A Viable Way to Reduce the Risks of Mild Cognitive Impairment, Alzheimer’s Disease, and Vascular Dementia in Older Adults",https://doi.org/10.3390/brainsci7020022,2017-02-20,https://www.mdpi.com/2076-3425/7/2/22/pdf?version=1487590404,../database/content/2591503454/2591503454.pdf
2604795894,<scp>UAV</scp> hyperspectral and lidar data and their fusion for arid and semi‐arid land vegetation monitoring,https://doi.org/10.1002/rse2.44,2017-04-04,https://zslpublications.onlinelibrary.wiley.com/doi/pdfdirect/10.1002/rse2.44,
2561714779,What is the Mass of a Gap-opening Planet?,https://doi.org/10.3847/1538-4357/835/2/146,2017-01-24,https://iopscience.iop.org/article/10.3847/1538-4357/835/2/146/pdf,
2756020545,"Validation of a 52-gene risk profile for outcome prediction in patients with idiopathic pulmonary fibrosis: an international, multicentre, cohort study",https://doi.org/10.1016/s2213-2600(17)30349-1,2017-11-01,https://europepmc.org/articles/pmc5677538?pdf=render,../database/content/2756020545/2756020545.pdf
2768608541,Weight management and physical activity throughout the cancer care continuum,https://doi.org/10.3322/caac.21441,2017-11-22,https://acsjournals.onlinelibrary.wiley.com/doi/pdfdirect/10.3322/caac.21441,
4213126268,Enabling Focus Cues in Head-Mounted Displays,https://doi.org/10.1109/jproc.2017.2648796,2017-05-01,https://doi.org/10.1109/jproc.2017.2648796,
2499881429,The structure of working memory in young children and its relation to intelligence,https://doi.org/10.1016/j.jml.2016.06.004,2017-02-01,https://europepmc.org/articles/pmc5157932?pdf=render,../database/content/2499881429/2499881429.pdf
2606630708,Chalcogenide Hybrid Inorganic/Organic Polymers: Ultrahigh Refractive Index Polymers for Infrared Imaging,https://doi.org/10.1021/acsmacrolett.7b00225,2017-04-14,None,
2611171790,Feasibility and Efficacy of a Smart Mat Technology to Predict Development of Diabetic Plantar Ulcers,https://doi.org/10.2337/dc16-2294,2017-05-02,https://care.diabetesjournals.org/content/diacare/40/7/973.full.pdf,../database/content/2611171790/2611171790.pdf
2618558124,ISM Properties of a Massive Dusty Star-forming Galaxy Discovered at z ∼ 7,https://doi.org/10.3847/2041-8213/aa74b0,2017-06-15,https://iopscience.iop.org/article/10.3847/2041-8213/aa74b0/pdf,
2769944765,Burden of severe neonatal jaundice: a systematic review and meta-analysis,https://doi.org/10.1136/bmjpo-2017-000105,2017-11-01,https://bmjpaedsopen.bmj.com/content/bmjpo/1/1/e000105.full.pdf,../database/content/2769944765/2769944765.pdf
3105372954,Discovery of an Enormous Lyα Nebula in a Massive Galaxy Overdensity at z = 2.3,https://doi.org/10.3847/1538-4357/aa5d14,2017-03-01,https://iopscience.iop.org/article/10.3847/1538-4357/aa5d14/pdf,
2468586217,Relative effect sizes for measures of risk,https://doi.org/10.1080/03610926.2015.1134575,2017-03-23,None,
2554555087,A comprehensive model for analysis of real-time optical performance of a solar power tower with a multi-tube cavity receiver,https://doi.org/10.1016/j.apenergy.2016.10.128,2017-01-01,https://hal.science/hal-01344014/document,../database/content/2554555087/2554555087.pdf
2612931921,Health Care Service and Outcomes Among an Estimated 6.7 Million Ambulatory Care Diabetic Foot Cases in the U.S.,https://doi.org/10.2337/dc16-2189,2017-06-13,https://care.diabetesjournals.org/content/diacare/40/7/936.full.pdf,../database/content/2612931921/2612931921.pdf
2591274003,Microbes Are Associated with Host Innate Immune Response in Idiopathic Pulmonary Fibrosis,https://doi.org/10.1164/rccm.201607-1525oc,2017-07-15,https://europepmc.org/articles/pmc5519968?pdf=render,../database/content/2591274003/2591274003.pdf
2744563718,Reducing ultrafiltration membrane fouling during potable water reuse using pre-ozonation,https://doi.org/10.1016/j.watres.2017.08.030,2017-11-01,https://www.sciencedirect.com/science/article/am/pii/S0043135417306929,
4295134897,X-shooter study of accretion in Chamaeleon I,https://doi.org/10.1051/0004-6361/201630147,2017-08-01,https://www.aanda.org/articles/aa/pdf/2017/08/aa30147-16.pdf,../database/content/4295134897/4295134897.pdf
2605093443,Integrated genomic analyses reveal frequent <i>TERT</i> aberrations in acral melanoma,https://doi.org/10.1101/gr.213348.116,2017-04-01,http://genome.cshlp.org/content/27/4/524.full.pdf,../database/content/2605093443/2605093443.pdf
2614621247,Detection of Exocometary CO within the 440 Myr Old Fomalhaut Belt: A Similar CO+CO<sub>2</sub> Ice Abundance in Exocomets and Solar System Comets,https://doi.org/10.3847/1538-4357/aa71b4,2017-06-07,https://iopscience.iop.org/article/10.3847/1538-4357/aa71b4/pdf,
2615393547,How Is Your User Feeling? Inferring Emotion Through Human-Computer interaction Devices,https://doi.org/10.25300/misq/2017/41.1.01,2017-01-01,None,
2585982365,Microbial methane from in situ biodegradation of coal and shale: A review and reevaluation of hydrogen and carbon isotope signatures,https://doi.org/10.1016/j.chemgeo.2017.01.027,2017-03-01,https://www.sciencedirect.com/science/article/am/pii/S0009254117300529,
2600450442,APOE-related risk of mild cognitive impairment and dementia for prevention trials: An analysis of four cohorts,https://doi.org/10.1371/journal.pmed.1002254,2017-03-21,https://journals.plos.org/plosmedicine/article/file?id=10.1371/journal.pmed.1002254&type=printable,../database/content/2600450442/2600450442.pdf
2611690120,Legacy ExtraGalactic UV Survey with The Hubble Space Telescope: Stellar Cluster Catalogs and First Insights Into Cluster Formation and Evolution in NGC 628<sup>∗</sup>,https://doi.org/10.3847/1538-4357/aa7132,2017-06-01,https://iopscience.iop.org/article/10.3847/1538-4357/aa7132/pdf,
3123941036,Effects of Bulk Composition on the Atmospheric Dynamics on Close-in Exoplanets,https://doi.org/10.3847/1538-4357/836/1/73,2017-02-08,https://iopscience.iop.org/article/10.3847/1538-4357/836/1/73/pdf,
2282278185,The Colour and Stereo Surface Imaging System (CaSSIS) for the ExoMars Trace Gas Orbiter,https://doi.org/10.1007/s11214-017-0421-1,2017-10-23,https://link.springer.com/content/pdf/10.1007%2Fs11214-017-0421-1.pdf,../database/content/2282278185/2282278185.pdf
2597303538,Lumbar Fusion for Degenerative Disease: A Systematic Review and Meta-Analysis,https://doi.org/10.1093/neuros/nyw162,2017-03-17,https://academic.oup.com/neurosurgery/article-pdf/80/5/701/13756213/nyw162.pdf,
2614400323,Improving and Assessing Planet Sensitivity of the GPI Exoplanet Survey with a Forward Model Matched Filter,https://doi.org/10.3847/1538-4357/aa72dd,2017-06-07,https://iopscience.iop.org/article/10.3847/1538-4357/aa72dd/pdf,
3124941698,Making Immigrants into Criminals: Legal Processes of Criminalization in the Post-IIRIRA Era,https://doi.org/10.1177/233150241700500308,2017-09-01,https://journals.sagepub.com/doi/pdf/10.1177/233150241700500308,
2588055415,Childhood hematologic cancer and residential proximity to oil and gas development,https://doi.org/10.1371/journal.pone.0170423,2017-02-15,https://journals.plos.org/plosone/article/file?id=10.1371/journal.pone.0170423&type=printable,../database/content/2588055415/2588055415.pdf
2593881225,The landscape of fear conceptual framework: definition and review of current applications and misuses,https://doi.org/10.7717/peerj.3772,2017-09-12,https://peerj.com/articles/3772.pdf,
2595880198,"Survey and evaluation of equations for thermophysical properties of binary/ternary eutectic salts from NaCl, KCl, MgCl2, CaCl2, ZnCl2 for heat transfer and thermal storage fluids in CSP",https://doi.org/10.1016/j.solener.2017.03.019,2017-08-01,http://manuscript.elsevier.com/S0038092X17301792/pdf/S0038092X17301792.pdf,
2727220925,The MNK–eIF4E Signaling Axis Contributes to Injury-Induced Nociceptive Plasticity and the Development of Chronic Pain,https://doi.org/10.1523/jneurosci.0220-17.2017,2017-07-03,https://www.jneurosci.org/content/jneuro/37/31/7481.full.pdf,../database/content/2727220925/2727220925.pdf
2593384642,BCG-unresponsive non-muscle-invasive bladder cancer: recommendations from the IBCG,https://doi.org/10.1038/nrurol.2017.16,2017-02-21,None,
2605854216,Using the NSQIP Pancreatic Demonstration Project to Derive a Modified Fistula Risk Score for Preoperative Risk Stratification in Patients Undergoing Pancreaticoduodenectomy,https://doi.org/10.1016/j.jamcollsurg.2017.01.054,2017-05-01,None,
2609573770,Outcome Measures for Clinical Trials in Down Syndrome,https://doi.org/10.1352/1944-7558-122.3.247,2017-05-01,https://europepmc.org/articles/pmc5424621?pdf=render,../database/content/2609573770/2609573770.pdf
2746191259,The Extratropical Transition of Tropical Cyclones. Part I: Cyclone Evolution and Direct Impacts,https://doi.org/10.1175/mwr-d-17-0027.1,2017-11-01,https://commons.erau.edu/cgi/viewcontent.cgi?article=1979&context=publication,
2592983532,Calculating surface ocean pCO<sub>2</sub> from biogeochemical Argo floats equipped with pH: An uncertainty analysis,https://doi.org/10.1002/2016gb005541,2017-03-01,https://digitalcommons.usf.edu/cgi/viewcontent.cgi?article=2356&context=msc_facpub,
2608111728,Complex Spiral Structure in the HD 100546 Transitional Disk as Revealed by GPI and MagAO,https://doi.org/10.3847/1538-3881/aa6d85,2017-05-22,https://iopscience.iop.org/article/10.3847/1538-3881/aa6d85/pdf,
2952707223,"A causal role for right frontopolar cortex in directed, but not random, exploration",https://doi.org/10.7554/elife.27430,2017-09-15,https://doi.org/10.7554/elife.27430,
3098479941,Atmospheric Circulation of Hot Jupiters: Dayside–Nightside Temperature Differences. II. Comparison with Observations,https://doi.org/10.3847/1538-4357/835/2/198,2017-01-31,https://iopscience.iop.org/article/10.3847/1538-4357/835/2/198/pdf,
3098667503,Copious Amounts of Dust and Gas in a z = 7.5 Quasar Host Galaxy,https://doi.org/10.3847/2041-8213/aa943a,2017-12-06,https://iopscience.iop.org/article/10.3847/2041-8213/aa943a/pdf,
3100223856,HYDRODYNAMICAL COUPLING OF MASS AND MOMENTUM IN MULTIPHASE GALACTIC WINDS,https://doi.org/10.3847/1538-4357/834/2/144,2017-01-10,https://iopscience.iop.org/article/10.3847/1538-4357/834/2/144/pdf,
2345952636,"Structure and Activation of Soluble Guanylyl Cyclase, the Nitric Oxide Sensor",https://doi.org/10.1089/ars.2016.6693,2017-01-20,https://europepmc.org/articles/pmc5240008?pdf=render,../database/content/2345952636/2345952636.pdf
2589857123,Creep Behavior of Intact and Cracked Limestone Under Multi-Level Loading and Unloading Cycles,https://doi.org/10.1007/s00603-017-1187-1,2017-02-23,None,
2729548803,MYBPC3 mutations are associated with a reduced super-relaxed state in patients with hypertrophic cardiomyopathy,https://doi.org/10.1371/journal.pone.0180064,2017-06-28,https://journals.plos.org/plosone/article/file?id=10.1371/journal.pone.0180064&type=printable,../database/content/2729548803/2729548803.pdf
2735509768,Photodynamic therapy and pain: A systematic review,https://doi.org/10.1016/j.pdpdt.2017.07.002,2017-09-01,None,
2519754188,Revisiting the Lick Observatory Supernova Search Volume-limited Sample: Updated Classifications and Revised Stripped-envelope Supernova Fractions,https://doi.org/10.1088/1538-3873/aa54a6,2017-03-24,https://iopscience.iop.org/article/10.1088/1538-3873/aa54a6/pdf,
2574409480,Crater 2: An Extremely Cold Dark Matter Halo,https://doi.org/10.3847/1538-4357/aa688e,2017-04-10,https://iopscience.iop.org/article/10.3847/1538-4357/aa688e/pdf,
2609444679,Governing multisectoral action for health in low- and middle-income countries,https://doi.org/10.1371/journal.pmed.1002285,2017-04-25,https://journals.plos.org/plosmedicine/article/file?id=10.1371/journal.pmed.1002285&type=printable,../database/content/2609444679/2609444679.pdf
2735307152,Natural Oils for Skin-Barrier Repair: Ancient Compounds Now Backed by Modern Science,https://doi.org/10.1007/s40257-017-0301-1,2017-07-13,None,
2744023109,Cloud‐resolving model intercomparison of an MC3E squall line case: Part I—Convective updrafts,https://doi.org/10.1002/2017jd026622,2017-09-06,https://rss.onlinelibrary.wiley.com/doi/am-pdf/10.1002/2017jd026622,
2754011544,Increased costs to US pavement infrastructure from future temperature rise,https://doi.org/10.1038/nclimate3390,2017-09-18,https://repository.arizona.edu/bitstream/10150/632211/1/Climate_change_impacts_on_pavement_infrastructure_NCC-Final_Version-Revision_2.pdf,../database/content/2754011544/2754011544.pdf
2588111652,Next‐generation transgenic cotton: pyramiding RNAi and Bt counters insect resistance,https://doi.org/10.1111/pbi.12709,2017-03-16,https://www.onlinelibrary.wiley.com/doi/pdfdirect/10.1111/pbi.12709,
2596926580,"The Ages of the Thin Disk, Thick Disk, and the Halo from Nearby White Dwarfs",https://doi.org/10.3847/1538-4357/aa62a5,2017-03-10,https://iopscience.iop.org/article/10.3847/1538-4357/aa62a5/pdf,
2757490447,Controlling Depth of Cellular Quiescence by an Rb-E2F Network Switch,https://doi.org/10.1016/j.celrep.2017.09.007,2017-09-01,http://www.cell.com/article/S2211124717312688/pdf,
2767144201,Bringing 5G into Rural and Low-Income Areas: Is It Feasible?,https://doi.org/10.1109/mcomstd.2017.1700023,2017-09-01,None,
3104898852,SPITZER OBSERVATIONS CONFIRM AND RESCUE THE HABITABLE-ZONE SUPER-EARTH K2-18b FOR FUTURE CHARACTERIZATION,https://doi.org/10.3847/1538-4357/834/2/187,2017-01-10,https://iopscience.iop.org/article/10.3847/1538-4357/834/2/187/pdf,
2519649706,Reconciling cognitive and affective neuroscience perspectives on the brain basis of emotional experience,https://doi.org/10.1016/j.neubiorev.2016.09.010,2017-05-01,None,
2576938664,Automated detection of geological landforms on Mars using Convolutional Neural Networks,https://doi.org/10.1016/j.cageo.2016.12.015,2017-04-01,https://doi.org/10.1016/j.cageo.2016.12.015,
2582372277,Altering the Trajectory of the Self-Fulfilling Prophecy,https://doi.org/10.1177/0022487116685751,2017-01-23,None,
2608329915,Mechanisms of craniofacial pain,https://doi.org/10.1177/0333102417704187,2017-04-25,https://journals.sagepub.com/doi/pdf/10.1177/0333102417704187,
2626224349,"Mineralogy of an active eolian sediment from the Namib dune, Gale crater, Mars",https://doi.org/10.1002/2017je005262,2017-11-01,https://doi.org/10.1002/2017je005262,
2737578041,"Toxoplasma gondii: Entry, association, and physiological influence on the central nervous system",https://doi.org/10.1371/journal.ppat.1006351,2017-07-20,https://journals.plos.org/plospathogens/article/file?id=10.1371/journal.ppat.1006351&type=printable,../database/content/2737578041/2737578041.pdf
3211427285,The Fates of Political Parties,https://doi.org/10.1017/9781316995723,2017-06-09,None,
2559868707,Invasions and extinctions through the looking glass of evolutionary ecology,https://doi.org/10.1098/rstb.2016.0031,2017-01-19,https://royalsocietypublishing.org/doi/pdf/10.1098/rstb.2016.0031,
2584307052,Early Detection of Ovarian Cancer using the Risk of Ovarian Cancer Algorithm with Frequent CA125 Testing in Women at Increased Familial Risk – Combined Results from Two Screening Trials,https://doi.org/10.1158/1078-0432.ccr-15-2750,2017-07-13,https://clincancerres.aacrjournals.org/content/clincanres/23/14/3628.full.pdf,
2598240587,Anti‐Inflammatory Diet in Clinical Practice: A Review,https://doi.org/10.1177/0884533617700353,2017-03-28,None,
2598539591,1–2.4 μm Near-IR Spectrum of the Giant Planet β Pictoris b Obtained with the Gemini Planet Imager,https://doi.org/10.3847/1538-3881/aa63e9,2017-03-28,https://iopscience.iop.org/article/10.3847/1538-3881/aa63e9/pdf,
2601782539,“Real-life” Effectiveness Studies of Omalizumab in Adult Patients with Severe Allergic Asthma: Meta-analysis,https://doi.org/10.1016/j.jaip.2017.02.002,2017-09-01,None,
2729161046,Healthcare Predictive Analytics for Risk Profiling in Chronic Care: A Bayesian Multitask Learning Approach,https://doi.org/10.25300/misq/2017/41.2.07,2017-02-01,None,
2617306958,Soft Matter in Lipid–Protein Interactions,https://doi.org/10.1146/annurev-biophys-070816-033843,2017-05-22,None,
2622711822,Dissecting a biodiversity hotspot: The importance of environmentally marginal habitats in the Atlantic Forest Domain of South America,https://doi.org/10.1111/ddi.12581,2017-06-08,https://onlinelibrary.wiley.com/doi/pdfdirect/10.1111/ddi.12581,
2736435839,Quantifying Crustal Thickness in Continental Collisional Belts: Global Perspective and a Geologic Application,https://doi.org/10.1038/s41598-017-07849-7,2017-08-01,https://www.nature.com/articles/s41598-017-07849-7.pdf,../database/content/2736435839/2736435839.pdf
2952353130,Response of the Milky Ways disc to the Large Magellanic Cloud in a first infall scenario,https://doi.org/10.1093/mnras/stx2146,2017-09-11,https://academic.oup.com/mnras/article-pdf/473/1/1218/21407922/stx2146.pdf,../database/content/2952353130/2952353130.pdf
3104615694,Swift Monitoring of NGC 4151: Evidence for a Second X-Ray/UV Reprocessing,https://doi.org/10.3847/1538-4357/aa6890,2017-05-01,https://iopscience.iop.org/article/10.3847/1538-4357/aa6890/pdf,
4213108887,Defining Cyberbullying,https://doi.org/10.1542/peds.2016-1758u,2017-11-01,https://pediatrics.aappublications.org/content/pediatrics/140/Supplement_2/S148.full.pdf,
2595666442,"Early colonization of Beringia and Northern North America: Chronology, routes, and adaptive strategies",https://doi.org/10.1016/j.quaint.2017.02.034,2017-07-01,http://manuscript.elsevier.com/S1040618216313076/pdf/S1040618216313076.pdf,
2605108192,Young inversion with multiple linked QTLs under selection in a hybrid zone,https://doi.org/10.1038/s41559-017-0119,2017-04-03,https://www.nature.com/articles/s41559-017-0119.pdf,../database/content/2605108192/2605108192.pdf
2735280519,Dust Density Distribution and Imaging Analysis of Different Ice Lines in Protoplanetary Disks,https://doi.org/10.3847/1538-4357/aa7edb,2017-08-10,https://iopscience.iop.org/article/10.3847/1538-4357/aa7edb/pdf,
2516306110,Race-specific trends in HPV vaccinations and provider recommendations: persistent disparities or social progress?,https://doi.org/10.1016/j.puhe.2016.07.009,2017-01-01,None,
2593821841,Connecting the First Galaxies with Ultrafaint Dwarfs in the Local Group: Chemical Signatures of Population III Stars,https://doi.org/10.3847/1538-4357/aa8c80,2017-10-17,https://iopscience.iop.org/article/10.3847/1538-4357/aa8c80/pdf,
2624862188,"Chemistry, mineralogy, and grain properties at Namib and High dunes, Bagnold dune field, Gale crater, Mars: A synthesis of Curiosity rover observations",https://doi.org/10.1002/2017je005267,2017-12-01,https://doi.org/10.1002/2017je005267,
2731487953,Honey bee gut dysbiosis: a novel context of disease ecology,https://doi.org/10.1016/j.cois.2017.05.020,2017-08-01,http://manuscript.elsevier.com/S2214574517300421/pdf/S2214574517300421.pdf,
2743368766,Impacts of fresh and aged biochars on plant available water and water use efficiency,https://doi.org/10.1016/j.geoderma.2017.08.007,2017-12-01,http://manuscript.elsevier.com/S0016706117307334/pdf/S0016706117307334.pdf,
2763191811,"Networking our science to characterize the state, vulnerabilities, and management opportunities of soil organic matter",https://doi.org/10.1111/gcb.13896,2017-10-05,https://onlinelibrary.wiley.com/doi/pdfdirect/10.1111/gcb.13896,
2766393263,Practice guideline: Cervical and ocular vestibular evoked myogenic potential testing,https://doi.org/10.1212/wnl.0000000000004690,2017-11-28,https://n.neurology.org/content/neurology/89/22/2288.full.pdf,
2770637707,Granular flows at recurring slope lineae on Mars indicate a limited role for liquid water,https://doi.org/10.1038/s41561-017-0012-5,2017-11-20,https://repository.arizona.edu/bitstream/10150/627918/1/Dundas_etal_GranularRSL_v17_final.pdf,../database/content/2770637707/2770637707.pdf
2773201843,Use-inspired science: making science usable by and useful to decision makers,https://doi.org/10.1002/fee.1735,2017-12-01,https://rss.onlinelibrary.wiley.com/doi/am-pdf/10.1002/fee.1735,
3103237291,Chasing Shadows: Rotation of the Azimuthal Asymmetry in the TW Hya Disk,https://doi.org/10.3847/1538-4357/835/2/205,2017-01-31,https://iopscience.iop.org/article/10.3847/1538-4357/835/2/205/pdf,
2583588457,Fully coupled poroelastic peridynamic formulation for fluid-filled fractures,https://doi.org/10.1016/j.enggeo.2017.02.001,2017-07-01,https://strathprints.strath.ac.uk/59694/1/Oterkus_etal_EG2017_Fully_coupled_poroelastic_peridynamic_formulation.pdf,../database/content/2583588457/2583588457.pdf
2604340973,Design of the effect of adaptive servo‐ventilation on survival and cardiovascular hospital admissions in patients with heart failure and sleep apnoea: the ADVENT‐HF trial,https://doi.org/10.1002/ejhf.790,2017-04-01,https://onlinelibrary.wiley.com/doi/pdfdirect/10.1002/ejhf.790,
2611406926,Solar radiation and functional traits explain the decline of forest primary productivity along a tropical elevation gradient,https://doi.org/10.1111/ele.12771,2017-05-02,https://rss.onlinelibrary.wiley.com/doi/am-pdf/10.1111/ele.12771,
2734647198,"Intimal Hyperplasia, Stenosis, and Arteriovenous Fistula Maturation Failure in the Hemodialysis Fistula Maturation Study",https://doi.org/10.1681/asn.2016121355,2017-07-14,https://jasn.asnjournals.org/content/jnephrol/28/10/3005.full.pdf,
2740625482,The OSIRIS-REx Laser Altimeter (OLA) Investigation and Instrument,https://doi.org/10.1007/s11214-017-0375-3,2017-08-01,None,
2762190287,Perimenopause and emergence of an Alzheimer’s bioenergetic phenotype in brain and periphery,https://doi.org/10.1371/journal.pone.0185926,2017-10-10,https://journals.plos.org/plosone/article/file?id=10.1371/journal.pone.0185926&type=printable,../database/content/2762190287/2762190287.pdf
3099855863,Toward Space-like Photometric Precision from the Ground with Beam-shaping Diffusers,https://doi.org/10.3847/1538-4357/aa88aa,2017-10-05,https://iopscience.iop.org/article/10.3847/1538-4357/aa88aa/pdf,
3103579870,An ALMA Survey of CO Isotopologue Emission from Protoplanetary Disks in Chamaeleon I,https://doi.org/10.3847/1538-4357/aa78fc,2017-07-26,https://iopscience.iop.org/article/10.3847/1538-4357/aa78fc/pdf,
3125294438,Does Tax Risk Affect Investor Valuation of Tax Avoidance?,https://doi.org/10.1177/0148558x17692674,2017-02-01,None,
2606067586,Multimodal codemeshing: Bilingual adolescents’ processes composing across modes and languages,https://doi.org/10.1016/j.jslw.2017.04.001,2017-06-01,None,
2762266352,Soilborne fungi have host affinity and host-specific effects on seed germination and survival in a lowland tropical forest,https://doi.org/10.1073/pnas.1706324114,2017-10-02,https://www.pnas.org/content/pnas/114/43/11458.full.pdf,
3104418588,An annotated bibliography on 1-planarity,https://doi.org/10.1016/j.cosrev.2017.06.002,2017-08-01,https://arxiv.org/pdf/1703.02261,../database/content/3104418588/3104418588.pdf
1840373511,Canopy temperature for simulation of heat stress in irrigated wheat in a semi-arid environment: A multi-model comparison,https://doi.org/10.1016/j.fcr.2015.10.009,2017-02-01,None,
2556687404,Minimum Clinically Important Difference,https://doi.org/10.1097/brs.0000000000001990,2017-07-15,None,
2563730257,Epigenome-wide analysis links SMAD3 methylation at birth to asthma in children of asthmatic mothers,https://doi.org/10.1016/j.jaci.2016.10.041,2017-08-01,http://www.jacionline.org/article/S0091674916324599/pdf,
2563976380,Brusatol overcomes chemoresistance through inhibition of protein translation,https://doi.org/10.1002/mc.22609,2017-02-08,https://europepmc.org/articles/pmc5404829?pdf=render,../database/content/2563976380/2563976380.pdf
2622257388,"Three’s Company: An Additional Non-transiting Super-Earth in the Bright HD 3167 System, and Masses for All Three Planets",https://doi.org/10.3847/1538-3881/aa832d,2017-08-31,https://iopscience.iop.org/article/10.3847/1538-3881/aa832d/pdf,
2578084073,Diagnostic Efficacy of Sentinel Lymph Node Biopsy in Early Oral Squamous Cell Carcinoma: A Meta-Analysis of 66 Studies,https://doi.org/10.1371/journal.pone.0170322,2017-01-20,https://journals.plos.org/plosone/article/file?id=10.1371/journal.pone.0170322&type=printable,../database/content/2578084073/2578084073.pdf
2589333149,"The DeepMIP contribution to PMIP4: experimental design for model simulations of the EECO, PETM, and pre-PETM (version 1.0)",https://doi.org/10.5194/gmd-10-889-2017,2017-02-23,https://www.geosci-model-dev.net/10/889/2017/gmd-10-889-2017.pdf,../database/content/2589333149/2589333149.pdf
2620365740,Numerical solution of linear and nonlinear partial differential equations using the peridynamic differential operator,https://doi.org/10.1002/num.22167,2017-05-31,None,
2726353013,Obstructive and Central Sleep Apnea and the Risk of Incident Atrial Fibrillation in a Community Cohort of Men and Women,https://doi.org/10.1161/jaha.116.004500,2017-07-01,https://doi.org/10.1161/jaha.116.004500,
2765815222,Extensive gene tree discordance and hemiplasy shaped the genomes of North American columnar cacti,https://doi.org/10.1073/pnas.1706367114,2017-10-23,https://www.pnas.org/content/pnas/114/45/12003.full.pdf,
2768000806,"A Systematic Evaluation of Noah‐MP in Simulating Land‐Atmosphere Energy, Water, and Carbon Exchanges Over the Continental United States",https://doi.org/10.1002/2017jd027597,2017-11-24,https://agupubs.onlinelibrary.wiley.com/doi/pdfdirect/10.1002/2017JD027597,
2592936930,Improvements for the smooth joint contact model of the particle flow code and its applications,https://doi.org/10.1016/j.compgeo.2017.02.012,2017-07-01,None,
2617191705,Association Between Skin and Aortic Vascular Inflammation in Patients With Psoriasis,https://doi.org/10.1001/jamacardio.2017.1213,2017-09-01,https://jamanetwork.com/journals/jamacardiology/articlepdf/2629533/jamacardiology_dey_2017_br_170005.pdf,
2746274718,A Spectroscopic Search for AGN Activity in the Reionization Era,https://doi.org/10.3847/1538-4357/aa96a8,2017-12-08,https://iopscience.iop.org/article/10.3847/1538-4357/aa96a8/pdf,
4245552094,Alcohol use among Native Americans compared to whites: Examining the veracity of the ‘Native American elevated alcohol consumption’ belief,https://doi.org/10.1016/j.drugalcdep.2016.08.148,2017-02-01,None,
2536017989,A 15-year record of CO emissions constrained by MOPITT CO observations,https://doi.org/10.5194/acp-17-4565-2017,2017-04-06,https://www.atmos-chem-phys.net/17/4565/2017/acp-17-4565-2017.pdf,../database/content/2536017989/2536017989.pdf
2540786343,Weak-lensing mass calibration of redMaPPer galaxy clusters in Dark Energy Survey Science Verification data,https://doi.org/10.1093/mnras/stx1053,2017-05-16,https://arxiv.org/pdf/1610.06890,../database/content/2540786343/2540786343.pdf
2587290924,Modeling the Evolution of Users’ Preferences and Social Links in Social Networking Services,https://doi.org/10.1109/tkde.2017.2663422,2017-06-01,None,
2591887429,Project Overview of the Beijing–Arizona Sky Survey,https://doi.org/10.1088/1538-3873/aa65ba,2017-04-13,https://iopscience.iop.org/article/10.1088/1538-3873/aa65ba/pdf,
2613818970,Phenome-wide scanning identifies multiple diseases and disease severity phenotypes associated with HLA variants,https://doi.org/10.1126/scitranslmed.aai8708,2017-05-10,https://europepmc.org/articles/pmc5563969?pdf=render,../database/content/2613818970/2613818970.pdf
2747217899,The Arabidopsis Leucine-Rich Repeat Receptor Kinase BIR3 Negatively Regulates BAK1 Receptor Complex Formation and Stabilizes BAK1,https://doi.org/10.1105/tpc.17.00376,2017-08-25,http://www.plantcell.org/content/plantcell/29/9/2285.full.pdf,
2528424318,Benzene oxidation by Fe(III)-activated percarbonate: matrix-constituent effects and degradation pathways,https://doi.org/10.1016/j.cej.2016.10.006,2017-02-01,https://www.sciencedirect.com/science/article/am/pii/S1385894716314073,
2651023859,"American Thoracic Society/National Heart, Lung, and Blood Institute Asthma–Chronic Obstructive Pulmonary Disease Overlap Workshop Report",https://doi.org/10.1164/rccm.201705-0973ws,2017-08-01,https://europepmc.org/articles/pmc5549872?pdf=render,../database/content/2651023859/2651023859.pdf
2763294036,The effects of NRF2 modulation on the initiation and progression of chemically and genetically induced lung cancer,https://doi.org/10.1002/mc.22745,2017-11-06,https://europepmc.org/articles/pmc5760364?pdf=render,../database/content/2763294036/2763294036.pdf
2777269980,Victim voice in reenvisioning responses to sexual and physical violence nationally and internationally.,https://doi.org/10.1037/amp0000233,2017-12-01,https://repository.arizona.edu/bitstream/10150/627853/1/17_08_20_Koss_White_Lopez_RR_Final_Unmasked.pdf,../database/content/2777269980/2777269980.pdf
2917019145,SemEval-2017 Task 12: Clinical TempEval,https://doi.org/10.18653/v1/s17-2093,2017-01-01,https://www.aclweb.org/anthology/S17-2093.pdf,../database/content/2917019145/2917019145.pdf
2485621420,Predicting Quiescence: The Dependence of Specific Star Formation Rate on Galaxy Size and Central Density at 0.5 &lt; z &lt; 2.5,https://doi.org/10.3847/1538-4357/aa6258,2017-03-20,https://iopscience.iop.org/article/10.3847/1538-4357/aa6258/pdf,
2544536272,Mapping the Most Massive Overdensities through Hydrogen (MAMMOTH). II. Discovery of the Extremely Massive Overdensity BOSS1441 at z = 2.32,https://doi.org/10.3847/1538-4357/aa6a1a,2017-04-20,https://iopscience.iop.org/article/10.3847/1538-4357/aa6a1a/pdf,
2600269359,How and Why Conversational Value Leads to Happiness for Experiential and Material Purchases,https://doi.org/10.1093/jcr/ucx054,2017-02-28,None,
2611922188,Genome sequencing of the sweetpotato whitefly Bemisia tabaci MED/Q,https://doi.org/10.1093/gigascience/gix018,2017-03-15,https://academic.oup.com/gigascience/article-pdf/6/5/gix018/25514493/gix018.pdf,../database/content/2611922188/2611922188.pdf
2620556213,"Mutual Coupling Reduction Using Meta-Structures for Wideband, Dual-Polarized, and High-Density Patch Arrays",https://doi.org/10.1109/tap.2017.2710214,2017-08-01,https://opus.lib.uts.edu.au/bitstream/10453/115183/4/Mutual%20Coupling%20Reduction%20Using%20Meta-Structures%20for%20Wideband.pdf,../database/content/2620556213/2620556213.pdf
2658942123,Designing a network of critical zone observatories to explore the living skin of the terrestrial Earth,https://doi.org/10.5194/esurf-5-841-2017,2017-12-18,https://www.earth-surf-dynam.net/5/841/2017/esurf-5-841-2017.pdf,../database/content/2658942123/2658942123.pdf
2734838751,Transfusion Requirement in Burn Care Evaluation (TRIBE),https://doi.org/10.1097/sla.0000000000002408,2017-10-01,https://escholarship.org/content/qt2kn338s5/qt2kn338s5.pdf?t=ow5yam,../database/content/2734838751/2734838751.pdf
2744481383,Status and Perspectives on the Cosmic‐Ray Neutron Method for Soil Moisture Estimation and Other Environmental Science Applications,https://doi.org/10.2136/vzj2017.04.0086,2017-08-01,https://dl.sciencesocieties.org/publications/vzj/pdfs/16/8/vzj2017.04.0086,
2754618888,Uncertainty in plant functional type distributions and its impact on land surface models,https://doi.org/10.1016/j.rse.2017.07.037,2017-12-01,None,
2763375634,"Detrital-zircon records of Cenomanian, Paleocene, and Oligocene Gulf of Mexico drainage integration and sediment routing: Implications for scales of basin-floor fans",https://doi.org/10.1130/ges01410.1,2017-10-02,https://pubs.geoscienceworld.org/geosphere/article-pdf/13/6/2169/3991301/2169.pdf,../database/content/2763375634/2763375634.pdf
2763824878,28 GHz Compact Omnidirectional Circularly Polarized Antenna for Device-to-Device Communications in the Future 5G Systems,https://doi.org/10.1109/tap.2017.2759899,2017-12-01,https://opus.lib.uts.edu.au/bitstream/10453/120442/4/Lin-Ziolkowski-Baum_IEEE_TAP_2017_OCP_accepted.pdf,../database/content/2763824878/2763824878.pdf
2511301101,Radar observations and shape model of asteroid 16 Psyche,https://doi.org/10.1016/j.icarus.2016.08.011,2017-01-01,https://www.sciencedirect.com/science/article/am/pii/S0019103516300288,
2544944039,LOSS Revisited. II. The Relative Rates of Different Types of Supernovae Vary between Low- and High-mass Galaxies,https://doi.org/10.3847/1538-4357/aa5eb7,2017-03-09,https://iopscience.iop.org/article/10.3847/1538-4357/aa5eb7/pdf,
2594252586,Legal and institutional foundations of adaptive environmental governance,https://doi.org/10.5751/es-09036-220132,2017-01-01,https://doi.org/10.5751/es-09036-220132,
2608884507,An Optical/Near-infrared Investigation of HD 100546 b with the Gemini Planet Imager and MagAO,https://doi.org/10.3847/1538-3881/aa6cae,2017-05-08,https://iopscience.iop.org/article/10.3847/1538-3881/aa6cae/pdf,
2744428892,In Vivo Ambient Serotonin Measurements at Carbon-Fiber Microelectrodes,https://doi.org/10.1021/acs.analchem.7b01257,2017-09-07,https://europepmc.org/articles/pmc5837047?pdf=render,../database/content/2744428892/2744428892.pdf
2755836820,Concepts and Methods of Solid-State NMR Spectroscopy Applied to Biomembranes,https://doi.org/10.1021/acs.chemrev.6b00619,2017-09-14,None,
2765950648,"Rapid Diversification and Time Explain Amphibian Richness at Different Scales in the Tropical Andes, Earth’s Most Biodiverse Hotspot",https://doi.org/10.1086/694319,2017-12-01,https://repository.arizona.edu/bitstream/10150/626254/1/694319.pdf,../database/content/2765950648/2765950648.pdf
1986333460,"Provenance and tectonic evolution of Lower Paleozoic–Upper Mesozoic strata from Sibumasu terrane, Myanmar",https://doi.org/10.1016/j.gr.2015.03.005,2017-01-01,None,
2500750190,Calculating the Cost and Risk of Comorbidities in Total Joint Arthroplasty in the United States,https://doi.org/10.1016/j.arth.2016.07.025,2017-02-01,None,
2512172680,"Dynamics of canopy stomatal conductance, transpiration, and evaporation in a temperate deciduous forest, validated by carbonyl sulfide uptake",https://doi.org/10.5194/bg-14-389-2017,2017-01-26,https://www.biogeosciences.net/14/389/2017/bg-14-389-2017.pdf,../database/content/2512172680/2512172680.pdf
2569292554,Pulsed fluoride fiber lasers at 3 μm [Invited],https://doi.org/10.1364/josab.34.000a15,2017-01-12,https://doi.org/10.1364/josab.34.000a15,
2594165737,A Physical Model-based Correction for Charge Traps in the Hubble Space Telescope’s Wide Field Camera 3 Near-IR Detector and Its Applications to Transiting Exoplanets and Brown Dwarfs,https://doi.org/10.3847/1538-3881/aa6481,2017-05-04,https://iopscience.iop.org/article/10.3847/1538-3881/aa6481/pdf,
2603897896,"Thermally induced stresses in boulders on airless body surfaces, and implications for rock breakdown",https://doi.org/10.1016/j.icarus.2017.03.008,2017-09-01,https://arxiv.org/pdf/1703.03085,../database/content/2603897896/2603897896.pdf
2603952611,Reversal of hepatorenal syndrome type 1 with terlipressin plus albumin vs. placebo plus albumin in a pooled analysis of the <scp>OT</scp>‐0401 and <scp>REVERSE</scp> randomised clinical studies,https://doi.org/10.1111/apt.14052,2017-03-29,https://onlinelibrary.wiley.com/doi/pdfdirect/10.1111/apt.14052,
2613721714,z ∼ 2: An Epoch of Disk Assembly,https://doi.org/10.3847/1538-4357/aa740c,2017-06-30,https://iopscience.iop.org/article/10.3847/1538-4357/aa740c/pdf,
2778020720,Intentional Fire-Spreading by “Firehawk” Raptors in Northern Australia,https://doi.org/10.2993/0278-0771-37.4.700,2017-12-01,https://bioone.org/journals/journal-of-ethnobiology/volume-37/issue-4/0278-0771-37.4.700/Intentional-Fire-Spreading-by-Firehawk-Raptors-in-Northern-Australia/10.2993/0278-0771-37.4.700.pdf,../database/content/2778020720/2778020720.pdf
3106118168,A Complete ALMA Map of the Fomalhaut Debris Disk,https://doi.org/10.3847/1538-4357/aa71ae,2017-06-07,https://iopscience.iop.org/article/10.3847/1538-4357/aa71ae/pdf,
2568288932,SMASH: Survey of the MAgellanic Stellar History,https://doi.org/10.3847/1538-3881/aa8d1c,2017-10-25,https://iopscience.iop.org/article/10.3847/1538-3881/aa8d1c/pdf,
2583899989,Indirect Effects of Loneliness on Substance Use through Stress,https://doi.org/10.1080/10410236.2016.1278507,2017-02-03,None,
2589594960,Numerical Analysis of Karst Water Inrush and a Criterion for Establishing the Width of Water-resistant Rock Pillars,https://doi.org/10.1007/s10230-017-0438-4,2017-02-25,None,
2742379957,"Analysis of aerosol composition data for western United States wildfires between 2005 and 2015: Dust emissions, chloride depletion, and most enhanced aerosol constituents",https://doi.org/10.1002/2017jd026547,2017-08-27,https://rss.onlinelibrary.wiley.com/doi/am-pdf/10.1002/2017jd026547,
2761519182,Vitamins and Minerals in Inflammatory Bowel Disease,https://doi.org/10.1016/j.gtc.2017.08.011,2017-12-01,https://europepmc.org/articles/pmc6342481?pdf=render,../database/content/2761519182/2761519182.pdf
2771439494,"Finding binaries from phase modulation of pulsating stars with Kepler: V. Orbital parameters, with eccentricity and mass-ratio distributions of 341 new binaries",https://doi.org/10.1093/mnras/stx3049,2017-12-05,https://arxiv.org/pdf/1712.00022,../database/content/2771439494/2771439494.pdf
3125988940,Trade credit and the joint effects of supplier and customer financial characteristics,https://doi.org/10.1016/j.jfi.2015.09.001,2017-01-01,https://repository.arizona.edu/bitstream/10150/623187/1/JFI-Manuscript-ShenoyWilliams2017.pdf,../database/content/3125988940/3125988940.pdf
2557437128,20th century changes in carbon isotopes and water-use efficiency: tree-ring-based evaluation of the CLM4.5 and LPX-Bern models,https://doi.org/10.5194/bg-14-2641-2017,2017-05-24,https://www.biogeosciences.net/14/2641/2017/bg-14-2641-2017.pdf,../database/content/2557437128/2557437128.pdf
2579894288,Validation of Spaceborne and Modelled Surface Soil Moisture Products with Cosmic-Ray Neutron Probes,https://doi.org/10.3390/rs9020103,2017-01-25,https://www.mdpi.com/2072-4292/9/2/103/pdf?version=1485341890,../database/content/2579894288/2579894288.pdf
2587848607,Mobile Charging in Wireless-Powered Sensor Networks: Optimal Scheduling and Experimental Implementation,https://doi.org/10.1109/tvt.2017.2668990,2017-08-01,None,
2624696656,Less favourable climates constrain demographic strategies in plants,https://doi.org/10.1111/ele.12794,2017-06-13,https://onlinelibrary.wiley.com/doi/pdfdirect/10.1111/ele.12794,
2735821540,Angiosarcoma treated successfully with anti-PD-1 therapy - a case report,https://doi.org/10.1186/s40425-017-0263-0,2017-07-18,https://doi.org/10.1186/s40425-017-0263-0,
2760636051,Mitochondrial-Based Therapeutics for the Treatment of Spinal Cord Injury: Mitochondrial Biogenesis as a Potential Pharmacological Target,https://doi.org/10.1124/jpet.117.244806,2017-09-21,https://jpet.aspetjournals.org/content/jpet/363/3/303.full.pdf,
2766007574,"The Circumstellar Disk HD 169142: Gas, Dust, and Planets Acting in Concert?",https://doi.org/10.3847/1538-4357/aa94c2,2017-11-16,https://iopscience.iop.org/article/10.3847/1538-4357/aa94c2/pdf,
3098259778,Protoplanetary Disks in ρ Ophiuchus as Seen from ALMA,https://doi.org/10.3847/1538-4357/aa97e2,2017-12-15,https://iopscience.iop.org/article/10.3847/1538-4357/aa97e2/pdf,
2111824593,ASHP national survey of pharmacy practice in hospital settings: Prescribing and transcribing—2016,https://doi.org/10.2146/ajhp170228,2017-09-01,None,
2529207646,An Analysis of the Potential Impact of Climate Change on Dengue Transmission in the Southeastern United States,https://doi.org/10.1289/ehp218,2017-04-01,https://ehp.niehs.nih.gov/doi/pdf/10.1289/EHP218,
2618054329,Social Network Analysis in Archaeology,https://doi.org/10.1146/annurev-anthro-102116-041423,2017-10-23,https://www.annualreviews.org/doi/pdf/10.1146/annurev-anthro-102116-041423,
2620606889,A motor unit-based model of muscle fatigue,https://doi.org/10.1371/journal.pcbi.1005581,2017-06-02,https://journals.plos.org/ploscompbiol/article/file?id=10.1371/journal.pcbi.1005581&type=printable,../database/content/2620606889/2620606889.pdf
2737077719,Monitoring the Neuroinflammatory Response Following Acute Brain Injury,https://doi.org/10.3389/fneur.2017.00351,2017-07-20,https://www.frontiersin.org/articles/10.3389/fneur.2017.00351/pdf,../database/content/2737077719/2737077719.pdf
2747865763,Are herbicides a once in a century method of weed control?,https://doi.org/10.1002/ps.4643,2017-08-17,None,
2754019401,Genetic reduction of Nrf2 exacerbates cognitive deficits in a mouse model of Alzheimer’s disease,https://doi.org/10.1093/hmg/ddx361,2017-09-19,https://academic.oup.com/hmg/article-pdf/26/24/4823/24339165/ddx361.pdf,../database/content/2754019401/2754019401.pdf
2768476852,Coupled European and Greenland last glacial dust activity driven by North Atlantic climate,https://doi.org/10.1073/pnas.1712651114,2017-11-27,https://www.pnas.org/content/pnas/114/50/E10632.full.pdf,
3102707845,Interacting Supernovae: Types IIn and Ibn,https://doi.org/10.1007/978-3-319-21846-5_38,2017-01-01,https://arxiv.org/pdf/1612.02006,../database/content/3102707845/3102707845.pdf
2531645157,Citizen science and conservation: Recommendations for a rapidly moving field,https://doi.org/10.1016/j.biocon.2016.10.014,2017-04-01,None,
2547700289,On the level of cluster assembly bias in SDSS,https://doi.org/10.1093/mnras/stx1264,2017-05-23,https://arxiv.org/pdf/1611.00366,../database/content/2547700289/2547700289.pdf
2593457177,Aflatoxin-free transgenic maize using host-induced gene silencing,https://doi.org/10.1126/sciadv.1602382,2017-03-03,https://advances.sciencemag.org/content/advances/3/3/e1602382.full.pdf,
